Followers:

Lauren Pines: laurenpines45
Ryan Bernstein: ryebread_0507
Danny Guller: danny.guller
Chloe McLennan: chloemclennan28
Brandon Stein: brandonst101
Caleb Mi: calebmi8
Sophie Cole: sophiecole2
Nitin Devarapalli: nitin_devarapalli7
Sari Sugar: sarisugar_
Rachel: rachel.afu14
Aviv Yoav: aviveeey34
serena: serenaworley
Robin Tomaszewski: robint7
Justin Orloff: justin.orloff35
Lucas Willett: luckis04
: bullsfan3691
Jenn: jenn_kf
elana naomi: elananaomi
lex: alexisstepankovskiy
Levi Hirsch: levih201011
Kyra: kyr7600
: packf_an22
Robin Cooke Gallender: robing325
Jessica Mirelman Freedman: jessief1115
Official DHS WFLIV Fanclub: wflivfanclub
elyse shaffer :): elyseshaffer_
Canaan Mi: canaan.mi
sarah goodman: sarahgood2234
Carlos: carlitoes_orl
Noah Shapiro: n0ahshapir0
Colin Gassmere: cgass28
Vinnie DiBenedetto: vinnie_dib
Sophie: sophie_meilman
Jeremy Chung: gobiwan_
Jack Murphy: jmurph_2002
Nathan Kim: yoondoo5
sofia <3: sofi.mooo
evan wagman: evan_wags3
: jadiaj1221
Jamie Schencker: jamieschencker
elizabeth healy !!: elizabeth.healy4
Caroline: carolinemcanally_
Caroline Judith: carolinexor
Ssgt Beecher: ssgt_beecher
stefanie weyhmueller: _sweyh
Martin Brubaker: martinbrubaker2734
Anna Choi: anna_5390
Gabe: gabe_rub421
annemarie cao: annemariecaomoomoo
Bekah: rebekah.firestone
alyssa: alyssamedvedeff
Debbie Weinstine Goldstein: debbieg21
Rebekah Afulike: rebekahafulike
Alyssa: _alyssambrown_
Keshav Shah: kshah126
Jackson: jfrank_51
Inoa: inoa.na
Peter Denten: peterdent85
Eli Dahl: elidahl15
Morayo A: morayoad
Daniel Zamir: daniel__zamir
lila koenig: lilakoenig
halie: haliegagerman__
J A D A: jada_.harris
Eli Austin: eliaustica
Sam Wolfe: wolfey__thekidd423
aish kuzhiyil: aishwaryakuzhiyil
Ruthie: ruthieweill
sadie kalina: sadie.kali
Victoria Duba: vikkiduba
Drew: drew.spiegel
Colleenduggan: colleenduggan_
Adison Schwartz: adison.schwartz
Fudgepop: fudgepop_doodles
Samantha Weissenberg: sweissenberg4
Angel Carrillo: ac041452
Samuel He: sammyhe_
ally :): allygeren
Grace Friedman: gracefriedman8
: pack.ersnews
DANI: daniletwat
anabella parisi !!: anabella.parisi
cole: cbernstein4
Noah Weil: noahweil23
Brad A.: brada.33
danielle wasserstrom: daniellew.1418
Lizzie Galvin: lizziegalvin._
Sheri Halpern Blacher: sheriblacher
Emma Radis: emmaradis
S Y L V I A: sylviafenster
Lilah Black: lilahbean08
Will: wihlewis
Autumn S.: aut.sch
: packe.rfan
Carly Wilensky: carlywilensky
Daniela Munoz: daniela.munoz10
Séan balaydin: seanbalaydin4
Jane: janepinsky_
Aryeh Levy: _aryehlevy
Amanda Farkas: acfarkas11
Eric Dvorkin: eric_dvorkin
Brady Fisher: brady__fisher
Jared Klinghoffer: jared_kling
Priscila Rodriguez: priscila.rod12
Julia Shinsky: juliashinsky_
ELLIE ZUCKERMAN: elliezuckermann
MAGGIE MONTGOMERY: maggie.montgomery6
Ryan Hudson: ryanthudson2022
Ethan Kim: ethan_kim7
anna bechan: annabechan_
Jameson Chernouski: jamesonchernouski
: cardnials_2
Talia: _taliafield_
MOLLY GOLD: mollygold24
cameron beverly: cami_bev104
Isabella: isabellapiatek
Rumi Weissman: rumiweiss
GATES MARTIN: gatesmartin12
Nicole Ontell Katz: nicole.o.katz
Chloe Polzin: chloepolzin
Lily Hecht: lily.hecht
Spencer Farber: spooncer22
Julia Fleischer: jfleischer53
Shawna: s.liz.ferg
Ben Kaplan: benluke216
Ali Carlin: ali_carlin_
Max Kaufman: themaxkaufman
Owen Moskovitz: mosko1430
Monica: mcohen456
Dawid: dawidturos
James Xiao: jamesxiao9
Kate Trella: ktrella18
Calvin Kim: cal__kim__
Eliza Kalina <3: eliza.kali25
Tanya Vena: mrsv73
Izzie: izziemara
Brigid Horgan: brigid.horgan
tess billings: tess_billings
Lily Rodgers: slothboss_123
Elianna Ripstein: elianna.ripstein
Ian Sornson: ian_sornson
Chrissy Colburn: chrissy_colburn
Brandon Kerpel: brandon.kerpel
Nicole Mlynski: nicolemlynski
Avi Winick: avi_winick
Evan: evangold531
ror !: roribowne
StarWars Fan Page: starwars_fan3691
Paul Kot: kot_paul824
Olivia Black: oliviacblack
Ethan Blacher: ethanblacher
Max Hyman: maxhyman12
Nate Beermann: nate_beers3
lila peck: lilapeck
Cole Jordan: cole_1024
Zach Adelman: zadelman13
Abigail Albrecht: abigail.albrecht
Nikhil: nikhilddevarapalli
Darren Liao: _darrenliao_
Eileen Hoffman Guggenheim: eileenguggenheim
Matthew Erdman: matthewerdman88
emma carletti: emmabopolus
: sushifishman69
Will Ballis: will.ballis
Ryan Jack Teitelbaum: ryan.teitelbaum
Sophie: sophcole365
Abbie: abbiezoloto
Chelsea: chels.burton
Carly Schwartz: caschwartz11
Dune: d3322c
Abby Gagerman: abbygag11
Dawn Machowski Gassmere: dg_0724
SophX: sophiaxxia
Ross Evans: ross3vans
Max Rubinstein: max_r1010
Cooper Millstein: coopmills17
Jessica: jess.reiken
Simona Dragan: simona7778
Tim Nagel: tim.nagel31
aimee: aimee942301
Colin Richardson: colin_richardson_
Lauren Gottlieb: _lauren_gottlieb_
jamie zinman: jamie.zinman
shane: shane_lutz_2403
jessica carbon: jessicacarbon_
Lisa Robe: lisa.robe
Sydney Berk: squid.berk
Austin Layette: austin.layette13
Hana Dolgin: hanamichal_
Aral Sezgun: aral.sezgun
Olivia Fisz: oliviafisz
Harper Brodsky: _harperbrodsky_
Jake Kamen: kamenjacob
Justin Sexauer: justinsexauer_
Charlie Marks: charliemarks33
Melissa Peck: melissapeck100
Quinn Smith: quinnsmith7
Drake Basile: drake.basile
marlee: marlee_feinberg
emma nitsun: emma.nitsun
Andrew Avenaim: andrewavenaim
Landon Smith: landonsmith4
Best place for Cardnials News: stlouiscardinals_fanpage
Elizabeth Lupu-Vieru: elizabethlupuv
Daniel Regenbaum: dannyreg1
brooke bernstein: brooke.hailey._
gaia: gaianardinocchi_
Ina: ina.p17
Madelyn Polisner: madelynpolisner
Jeremy Lamm: jeremy.lamm
Amanda Finch: amandarfinch
Gavin Picklin: gpicklin2
Maddie Swafford: maddieswaffordd
Ava Gurvey: avagurvey
Eli Mall: eli.mall
Shani Weisenberg: shaniweisenberg
Karyn Gordon: karyns_kreations
Augie Flick: augustine7282
Kendall Berdelman: kendall.berdelman
Colleen Ryan: colleenryan__
Spencerwolff: spencerwolff3
Sam Voigt: sg_voigt
joya: joya.ru
SAM PHILLIPS: sam.phillips12
Madison Samuels: madisonsamuels_
Dena Kandelman: d.kandelman
Ben Whiteman: benw213
Jayden Cohen: jaydenc.ezpz
Varun Goel: v.goel7
gabrielle: gabstrouse
Ryan Finch: ryan_finch13
Lilah Landsman: lilahlandsman
PAYTON: paytongeake
Amy Silverstein Mills: a.mills821
Brooke Traeger: brookelovesbroadway
: jonah_hyman123
Riley :): riley.rosenthal
Caleb Mi: calebmi22
Aaron Steinberg: steiny821
Annie Bilow: annierbilow
Sam Brafford: sam_brafford
Aaron: aaronberk
Frankie Freeman: frankief235
Rebecca: rebeccawarady
Jamie Heyden Robin: jrobin110
arielle rosenberg: arielle.rosenberg
Abigail Davis: aabigaildaviss
Aaron: aarondpeck
jessie peck: _jessiepeck
madeline stevens: madelinestevens_
Haley Isaacs: haleyisaacs_
: __allisonlee
Eliana Gagerman: elianagagerman
Hannah Firestone: hanelisto97
Phoenix Sanders: phoenixsand4
Corinne Gagerman: _corinnenicole_
Lauren: lalamama13
Norah Dignam: norah.dignam
finn mills: underscorefinn
Lyla Prass: _lylaprass_
Kylie: kyliestern
Tyler: hodges022
Sam Colwyn: s_colwyn4
Samantha Margulis: samanthamargulis_
liza: liza.g8_
Ari Koyfman: arikoyfman
Ruth Prass: ruthprass2779
Sharon Kanin Isaacs: sharonisaacs
Zach Garland: zgar1
Jeremy: moe_yanow
Lucas Moskovitz: lmosk12
Laurie Rubin: _laurierubin_
Jake: jakel221408
Noa Maeir: noamaeir
Sally: ur_gal_sal_
Edyta Krzeczowski: edy.ski
joshua devarapalli: joshdev04
Zackwars: _zackwars
Hailey: hailey_payton_
Hannah Bushala: hannahbush1212
Diego RB: dreynoso2230
Maxwell Glaubinger: maxwell_glaubinger
Julia Mosconi: juliamosconi.13
Mara Morrison: mara.morrison
Ryan Keltner: ry_keltner12
Emma Kimbarovsky: emmakimbarovsky
Aidan Culver: aidanculver18
Brooke Friedman: bafriedman1
Maya Eve: mayaeve_511
bella buti <3: bellabuti_
Amy Shapiro: a_shapiro
Luca Davila: lucadavila728
Dylan Cohen: dylanc.77
David Jotkus: davidjotkus21
Eli Marks: elimarks27
Parker Slusky: parker49045
Zach Arenberg: zarenberg21
Jolie Friedman: jolief1836
Wendy Cain Moskovitz: wendymoskovitz
melina dworsky: melinad95
Sarah w.: sarah.wang1526
Mallory Weber: malwebe
Hannah Margulis: hannah_margulis
Ian: ianv18
Jacob Mall: jacob_mall13
Reed: reed_.wolf
Luke Toussiint: sheridan.hossa81
justin blumenthal: justin_blumenthal10
: greggorloff0123
Sam Rosenthal: srosey17
biggie sweets: thebiggiesweets
alex barnett: alexrbarnett_
Elizabeth: elizabethlappe
Jessica Lew: jessielew_
Luke Barhoumeh: lukebarhoumeh
madisyn sale: madisynryin
Ellen Silver Kingsepp: elkingsepp
Braeden Wittkamp: braeden_wittkamp
Ari Goldberg: arigoldberg20
Jeffrey John Battle: jeff_battle72
Sam BG: sbg_35
vivian bankier: v_bankier
Leslie Krugel Borovik: leslieboro
Jessica L. Guggenheim: jessiguggie
Max Feinberg: max_feinberg1
Adam Multack: multack_adam
sydney friedman: sydfriedman
DANNY KRIEGEL: dannykriegel39
Faye Steinfink: faye_danielle__
Janet Lieberman Goss: jgoss21
Jenna Citron (Weiner): jennawcitron
Brady Conway: brad_con1133
Margie: margiestulberger
Shari Goldberg Sher: sharisher22
Evan Morris: evanm2223
Chealee Plyer: chealeeee
Cooper Nervick: cooper_nervick
Anita Krishnan: anita.krishnan.14
Jen Harris Anders: anders.jen
Abigail Winner: abigailwinner
Ben Bernstein: bbern_42
emily mills: emilyyy.mills
: bbriannakim
Sandi Poresky Goller: sandis_dogs
Jonah Simon: _jonah.simon_
Owen Mertes: owen.m47
AgataLVC: agatalvc1523
ALLY: allisonblonz
Will Holtz: wmholtz2
Becca: becca_newhall
Jackie Trachtenberg: jackie_t.berg
Andrea Spector: abs60015
Sofía Martínez: sofia_k_martinez
Vici Grzesiuk: vicigrzesiuk
: lauryynmorris
Ben Barnett: benbarnett942
Mattheil: mattheil88
sophie smith: sophietsmith_
Shannan~Layette: shannanlayette
Mia Weinberg: miaweinbergg
Jared Fischer: jaredfischer22
Chase Arenberg: carenberg35
: johnnyaddis_
Maddie: maddiek_171
Jenny Auerbach: auerbachjenny
Jeremy Strouse: jeremy.strouse
: peri.arkin
Dhk1822: dhk1822
Abbie: abbie.soph
William Vena Jr: william_vena27
Michele Bezman Elbaum: micheleelbaum
Lucio morgan: 1luciomorgan
Eli Harris: eliharris03
Paul Vigder: paulvigder
Dax G: dax.g14
Alex Karel: arkarel_
Judy Zis Flater: jflater
Ryan: ryancappas
Kortney: kcgilbert29
Lindsay Lowis: lindsaylowis
Mindi Rice: mindirice1974
Ryan Toback: ryantobs
Lisa Scheff Keltner: keltner7668
Kate Shapiro: kate_shaps
Wendy Emanuel Apple: gobears870
Bonnie Sherwood: bon323bon
Chloe: chloewolkk
Janna Hudson: tchudson7
Leorah Eisenberg: leorah930
Ben Atkinson: thebenatkinson
Stephanie Goodman: stephaniebethgoodman
Oliver Nitsun: olivernitsun
jess shade :))): jessicashade_
Liam Cooper: liamcooper349
Matt Solovy: solovymatt
ben zuckerman: benzuckerman
Annie Fisher: annieffisher
Eric Rosenson: ___eric.__rosenson____
CHAR: charlotte.arnold4
maddi rice: maddiricee
Cindy Mayda: cindymayda_
Ben Shvartsman: bshvartsman3
Gabi Filipek: gabi.filipek
: cassidystorms
Eden Schenk: edenoliviaaaa
Lily Gross: lilygross11
: nancybhulsey
Dylan Traeger: dylan.traeger
Katharine Fjeldheim: katharinefjeldheim
Noreen Groner Segal: segalnoreen
zach luke: zluke_
Jonah Satyr: jonahsatyr_17
Nathan Dubinsky: nathan.dubinsky
ella: pandabear2059
Sheryl Goldman Fischer: sherylbfischer
Jack Weiss: jackweiss77
Carter L: carterl93
Sheridan Brin: sheridan.brin
Bonni Solomon: bonnisolomon
Lisa: burns.lisa
Noah Zamler: noahz27
Henry levin: henry.levin
Michelle Wasserstrom: michelle.wasserstrom
Benji Friedman: benji_friedman
Tacy Guest <|>:): tacyyyyg30
Julia Goller: julia.goller
Matthew Paley: m.paley
SYDNEY FEINBERG: sydney.feinberg
jjskolnik: jjskolnik
S O P H: sophiejoseph_
Jack McCarthy: jackmccarthy820
Katie: kbushala2018
courtney holland: court.holland
Linsey Friedman: linseyfr1
Noam Dor | DHS’22: noamshai_44
Becky Erdman: beckyerdman
Robin Eisenberg Malis Stern: remalis1
Will Hulsey: will.hulsey
Sammie Swafford: sammieswaffordd
Sabrina Musen: sabrinamusen_
: ethan_helfand
morgan rosen: morgan.rosen
YAEL SMITH: yaelsmithh
Kai Neumark: kai.neumark
Laura Guggenheim Passmore: laura_h_passmore
Roni Ebenezer: roni.ebenezer15
Michael Bojarski: michael.bojarski17
Jill Finch: jilldanafinch
Stacy Salomon Shinsky: stacyshinsky
Ethan Tesler: ethantesler
Jodi Schlesinger Eldridge: jeldridge24
A V A T U R N E R: ava.turner
Matthew Frauendorff: matt.frawy
: lukec209
noa: noafriedland
Richie Auerbach: richie_auerbach
Benny Skolnik: b_skol21
audrey: _audreyleong_
kam: kamnowak_
Noah Fishman: n.fishman19
Josh Schor: josh.schor
hannah kaplan: hannahkaplann_
Hudson: hudson.sherwood
Zapp.T: zappt2004
Mimi Simon Saks: mimisimonsaks
Tanooj Mitra: tdawg.96
: beaurosinn
Jordyn Resnick: jordynresnick
allee rosenthal: alleerosenthal_
Talia Cohen: taliacohennn
Jayson Fishman: jaysonfishman
Sunny: rliro400
Michelle Culver: sallyoculver
Ari Eisenberg: arije38
Charlie Crane: charliec.97
ellebondy: ellebondy
Cooper Venamore: cooper_venamore9
Brielle Gagerman: bri_gags
Nate Goss: ngoss_
elleryweil: elleryweil
Susan Arvesen Jensen: rsjensens
Luna Chung: lunachung2018
K Krishnan: krishmd
: aoupess
: kerday54
Brett Killoren: brettkilloren
: hcohen7
Zac Sher: zsher18
Zach Sweet: zachsweett
Audrey Waltenburg: frankie_4_paw
LESLIE Oshin: oshinleslie
Logan Feldman: loganfeldman_
LoloRo: lrrosenfeld
Josh Rasof: joshrasof
Denise Siegel: dsiegel816
Bryan: bleiman2
Isabella: isabella.carpenter_
RyanKumin35: ryankumin
stick with it stickers&designs: _stick_with_it
Jenny Kaplan: jennykaplan73
Jack Finnegan: jack.finne
cammy jensen:): cammyjensen
Sari Winick: runswimmom
Asher: asherf1017
Henry Durbala: henrydurbala
Aidan Galvan: aidangalvan13
Peter Katai: peterkatai
Hannah Brown: hanbbrown
Chase Needelman: chaseneedelman
Andee Wilkov: andeefaith22
AJ B: ajbor1
Andrew Colman: acecolman2
Wendy Bendersky: wenmacben
Stephanie Lubelfeld: stephanielubelfeld
Suzanne Koenig: suzkoenig
Ian Cooper: ian_coop
Ian: ianepstein11
Lindsey Budge: lindsey.budge
Brady Anders: bradyanders54
Tommy Guczal: tommyguczal24
sarah ward: ward.sarahh
Riley Soroka :): riley.soroka
Jessica Moss: classicjaksich
Sarah Goldstein: sarah.goldsteinn
Jana Smith: jana.smith.123829
Samantha Marshall: _s.marshall
Pavel Shvartsman: pdp4op
Lisa Addis: lisa.goldwasser
: cpolisner35
Matthew Mizen: matthew_mizen
alex: alexx_alexanian
mr. 305: marjorielewis_
Josh Koyfman: joshkoyfman
Samantha Feinberg: sampeyton1
: sam_kanter
Laura Klein Cole: ellecole1
Eric Lakemaker: eric_lakemaker
sara ellis: saraellis_
Matt Dworsky: matt.dworsky
Alaina Sanders: alainasand4
: kobe_kooperman
Brian Crane: brian.crane.92
Will Rubin: willrubin1
Steven Perlman: stevenperlman584
Daniel willner: danielw887
Luke Pollack: l.pollack57
JAMI ABRAMS: jamiabrams_
Sam Goodman: samsgoodman
Cora Powers: corapowers_
Julie: juliayn26
Bradley Bleiman: bradley_bleiman
Spyro Zis: spyrozis11
: p_orangefan
Gail Wood Gausselin: glgausselin
Ethan Lesser: elesser141
Nate Schecter: nate_schecter
Susan D. Elbaum: susanelbaum
Marni Helfand: marnihelfand
Jamie Mall: jamie.mall
ally linn: allylinn_
Ivy Wright: mrs.deanwright
Tim: wltg01
Christy Hahn: hahn701
Jeremy Addis: jeremy.a.addis
Katie Morgan: katiemorgannnnn
Deerfield Model United Nations: deerfieldmodelun
Ori Helmer: orihelmer
Jaje: aeisenberg800
Yana Turner: yana_turner
Lauren: laurenrosenthal_
Earl Goldenberg: goldenbergearl
Sydnie Karel: syd_karel
leah: leahfloyd_
: laurenbergbrown4
Jake Barhoumeh: jake_barhoumeh
lily rubin: lilyrubin_
Ethan Warady: ethanwarady
Angie Lofland: angie.lofland
Jack Aronson: thenomadjack
Ben Seed: bseed99
jordan hirsch: jordanhirsch_
sammy erlich: sammyerlich
AMY SIMON: amysimon2345
Emily Hakimi: emily.hakimi
: mimikrasney
dani: danicasun_
Ben Laz: blazjayhawks
amanda cotton: amanda.cotton
Rachel Bass Hyman: hyboyz1
The Presidential Pups: jackson_the_red_poodle
Devlan Schwartz: deschwa_
martinezbenjamin: martinezbenjaminb
Ally Kovitz: allykovitz
pamdemonium19: pamdemonium19
Sami Sweet: sami.sweet17
Lisa Disner Pinsky: lisapinsky
Andrew Alexanian: andrewalexanian
: chr_m34
Yifat Geren: ygeren
Sam Brown: sfbrown711
Niko Johnson: nikojohnson14
Jilly Fradin: jillyfradin
: dstein123
Sam Schecter: samschecter33
Charlie Heydorn: charlie.heydorn
Liliana Castro: liliana.castro.31586
Seth Schor: seth.schor
: goldm.10
: jacobkumin
Brit Ruscitti Kenyon: queenbkenyon
Cameron Sloan: csloan1362
bea: beastylish
Patrick Ward: patward_7
Paula: paulagag
Riveraisa: riveraisa5572
Sam Siegel: ssieges23
Gary Perlman: perlmangary
Connor: crk1103
Carmen Ulizio: carmenwendy_
: ellysiegel
Andrew: andrewg_37
Rabbi Richard M Prass: rabbiprass
: jonnyrez
Dylan Schwartz: _dylanschwartz_
Josh Turner: josh3215
EMMA: emmasachss
ZB: zoeybravos
LIZ SALINAS REAL ESTATE BROKER: lizabethssalinasrealestate
kristinaastevens: kristinaastevens
Dylan Zimberoff: dylanzimberoff_
: ethanblacher2222
: lmward1224
Jordan Goodhart: jordangoodhart
liv emerzian: oliviaemerzian
koko bartelstein: kokobartelstein
Kelly and Matt Kustusch: mkaarchitecturaldesigngroup_
Jodie Dane: jodied10
Kathryn Anderson: dhs_anderson
Scott Goss: sig0119
Kylie Cole: kylie_colee
Lisa Winston Brody: lisawinstonbrody
Adam K: adamk_43
The Wexler Gault Group: wexlergaultgrouprealestate
Morgan: morganmillstein
Brendan Fine: bfiner1010
Sabrina Sale: sabrinamsale
Sandie Sable Kintz: sandrakintz
ariella bernstein: ariella.bernstein
: bella.kolton
Lynn Frank: lynnkf1103
: debbiekatai
Eli Resnick: eresnick_43004
Nolan fettner: nolanfettner.81
Danielafrmss: danielafrmss
Matthew: mabrostoff2022
: gfrads
brody: _brodydavid
Suzy Schecter: sschecter6
Samantha Sweig: samsweig
Susan Slutzky: susanslutzky
Angie Beller Beermann: angiebeermann
Joe: chunjx
DHS BathroomShoes: deerfield_bathroomshoes
: bradyrulev24
martimeyers: martimeyers
Josh Becker: jbhockey18
: jesa_the_writer
Scott Toban: scotttoban
Maguatcher: maguatcher123
: cwax20
julie: julie_052800
Babygurl: queen.20825
: cieizetheday
halie: _haliegagerman
Justin Orloff: _justin.orloff_
Shalisa: yo.gurl.shalisa
Ivan bundalo: johnflamingo1231
the glizziers: thedhsdoggers
Jc Cool: jcool794
: on4nemfonem
Sweet Chickadees: schickadees
