Followers:

Lauren Pines: laurenpines45
adam altman: _adamaltman
Mark Anthony: _thenorthfade_
Sophie Cole: sophiecole2
David Adam: daadam04
Marianne Braverman: mariannebraverman
Nate Goldberg: nateggoldberg
elana naomi: elananaomi
Robin Cooke Gallender: robing325
Rebecca Halfin: rebeccahalfin
Jessica Mirelman Freedman: jessief1115
Evan Boby: evan.boby
tati stancin: tati.stancin
sydnie: sydnieblumenau
halle lindstrom: halindstrom
Jamie Erin Struck: jamie_struckk
emma kaye: eemma.fox
Brian Solomon: briantheman3452
Debbie Weinstine Goldstein: debbieg21
Avery Butler: averybutler_
Dylan Dominguez: dylandominguez_
Alyssa: _alyssambrown_
Emmie Jacobs: emmie_jacobs_
Hannah: hannah.lieberman
dayla: dayla.rosen
trevor reenan: trevorreenan
Eli Dahl: elidahl15
Jason Turner: hooch524
Sydney Lewis: sydney.lewis005
Charlie Goldberg: charliefgoldberg
Madeline: madeline.ohlwein
Sam Wolfe: wolfey__thekidd423
Shai Lichtenfeld: shai.lichtenfeld35
Danny Rudnick: danny.rudnick
evan: evannnnn.bc
Denia: denia132
Logan: its.logan.liu
alethea hoyte-johns: aletheahoytejohns
: lila_greenstein
Ben Ephraim: beph11
Drew Southwell: drew_southwell_
Brett Karman: brettkarman_
Chloe: chlo_madeleinex
Julia: julia.sanderman
Brett Boehm: blboehm
: beaurosinn
Jenny Barry Dart: mjmdart
Brigid Maloney Ohlwein: maloneyohlwein
Jake Zoloto: jake_zoloto
jessie eldridge: jessieeldridge_
cole: cbernstein4
ALA: aa4al1
Hope Feldman: hope.feldman
Sheri Halpern Blacher: sheriblacher
Emma Radis: emmaradis
Ilana Schneck: ilana.schneck
Chloe Walner: chloewalner
Brendan Michael: brendanmichael06
Kaya: itsyogirlkaya
Lainey: laineycohen04
Jackson: jacksoncote5
Leah Jacobson: leah_ja123
marissa: m_liebs23
Cole Hendricks: colehendricks12
Reggie Schwartz: reggieschwartz_
DM FOR HOMEWORK HELP: hphs.homework.help
Will R: will_richter101
Sam Lichtman: slichtman13
Peter Soutsos: peter_soutsos
lindsay adess: lindsay.adess
Daniel Leshtz: danielleshtz
Jennifer Canel: caneljennifer
Joshua Horwich: jph610
Abby Zucker: abby.zucker
Lucy M: lucymillman
Bobby: bobbyccoren
Genevieve Levinson: gclevinson
Jill Shapiro Rowe: jillerowe
Jill Hertl: jillhertl
Jonathon: jonathonadess
Johnny Plonsker: jplonsker96
reese: _reesekoulentes
Giants Football Fund: giantsfootballfund
Taylor Singerman: taylor.singerman
Jamelette Cruz: jamelettecruz
Sela Weaver: selaweaver
Shayna Zavell: shaynazavell
Tanya Vena: mrsv73
Brooke Stancin: brooke.stancin
amelia giese: ameliabedelia128
Stuart: stuart_beef
honor bradford: honorbradford_
Mateusz Zubrzycki: mati_zubrzycki
Elianna Ripstein: elianna.ripstein
maggie mariano: maggie.mariano
Eli Leshtz: elileshtz
Zev Cherpak: zevcherpak
Jack Broderick: jackbr55
maddie haas: _maddiehaas
hannah: _hannah.612
Working Together: workingtogetherhp
Jared Aguilar: jaguilar703
Noam Kulbak: noamkulbak
Julie: travelmom_adventurerunner
Andrew: andrew.kerm
kim: kmendez2003
: jabreu123
Charlie Davis: charlie_davis8
Melissa Mall Raab Mendelson: stagingproperties
Brianna King: briannaking94
Ryan Mesinger: ryan_mesinger
lyla!: lylagoldman
Austin Gerber: agerber0
Cooper Gimbel: cgimbel27
Emet Mandell: emetmandell
rongcheng hu: rc_2419
Abbie: abbiezoloto
Noam Zipris: noam.zips
VALERIE FAUST: valeriefaust_
Cooper Millstein: coopmills17
Mari Radtke: _mari_radtke
megan: meganzwang
Natalie Cohen: __nataliecohen__
Abi Rodila: abi.rodila
Aaron Donenberg: aaronjacobd
sage morris: _sagemorris
Billy Cohen: bcohen.4
Harlow: oatmealprettyplease
Maya: mia_to_maya
jayla: jayla_marcus
natalie crane: _nataliecrane_
Leah Perlman: l.perlman
Danna Kaplan Kriser: dannakriser
Layla Maki: _laylamaki
savi: savibc
Nicole John: nicole.liz.john
Jonah Hopmayer: jonah.hopmayer44
Harper Brodsky: _harperbrodsky_
Katherine Schreiner: katherine.rose1215
Maxwell Rosenfeld: maxwell_rosenfeld
Mo: mpfeffer.13
•Olivia•: olivia.alvarezzz
emma delli: emmadelli_
Jack Zislis: jackzislis
elizabeth delli: elizabeth.2212
Izzy Carney: izzycarneyy
Jamie Gilberg Weiss: jgilbergweiss
quinn hinde-schuster: quinn.hindeschuster
noa rollman: noarollman
Aimee Lehman: aimee_lehman
Josh Steinfink: josh_steinfink
imaan: imaanbokhari
Stephanie Oster Hopmayer: stephaniehopmayer
Noah Glassberg: noahglassberg
ari kaden: arikaden_
Maddie Swafford: maddieswaffordd
Mara Lishanskiy: maralishanskiy
Sofia Amster: sofia.amster
Shara: slieberman73
Kendall Berdelman: kendall.berdelman
Julie Elbaum: julie.elbaum
Stephen Knobel: stephen_knobel
Maya Sela: maya.sela
Ryan Hecht: rshecht28
Mason Taitler: masontaitler
Madison Samuels: madisonsamuels_
Cody Weiss: codyweissthroughthedecades_
Ben Kessler: ben_kessler_
Samantha Bernstein Strongin: sstrongin
Darren Gussis: darrengussis
caroline: carolinekern_
Drew Bordo: drewbordo
maya: mayakarlov
Caryn Altman: carynaltman1
PAYTON: paytongeake
caroline blumer: carolineblumer_
Patricia Daugherty: pdaugherty333
Braeden Connolly: braedenjconnolly
Annie Bilow: annierbilow
Zach Howard: zdog1104
Nathan Spellberg: nspellberg
michael: michael_shubny
Abigail Davis: aabigaildaviss
E: ellie.zeiss
Aaron: aarondpeck
jessie peck: _jessiepeck
: maireadespinoza
Ashton Hunt: _ash_ton_
madelaine: madelainekenzer
zoe: zoe.finger
Haley Levin: hb_levin
Noah Jackson: noahrj05
Linzco: linzcohen
Haley Isaacs: haleyisaacs_
Daniel newman: dnewman17
Kevin Beck: beckkevb94
Ella Kaplan: ellaskaplan
clara <3: claraz.4114
Josh Zirin: joshzirin_
Simon Glazer: simon_glazer
dyl: dylanalexander527
Phoenix Sanders: phoenixsand4
: ellenrud72
Ethan C.B.: ethan_charleboisberg
Lauren Zlotnik: laurenzlotnik
Stacy Winternitz: stacyw2
emily walner: emily.walner
REESE STONE: _reesestone
Kylie: kyliestern
Kyle Slavin: ksla910
Alexia Rankin :): alexiarankin_
Zach R: zach_blatt
Eli Finkel: eli_finkel
Jacob Altman: altman_jacob
Stephanie Jacobs: sfoxjacobs
Grant Horwitch: gash73
: debe.cita
Noa Maeir: noamaeir
: laurafu__
Adam Abreu: ajabreu79
Sarah Winternitz: sarah_winternitz
Abe Winer: _abe.w
Sophia Raslin LaForce: laforces
Edyta Krzeczowski: edy.ski
Larisa Semmel Drake: larisadrake
: lucaskezdy
Lenny: lenny.1263
Aaron Lindstrom: aaronlindstormlandau
Avi Rubin: avijrubin
Emma Kimbarovsky: emmakimbarovsky
Liam: liamomarplunkett
Eli Marks: elimarks27
Amelie Kempf: ameliekempf_
Jackie: jackieramos1
Berkeleyclayborne: berkeleyclayborne12
Elisa: elisamesinger
stella!!: stellagottlieb_
austin: austincolegio
Wendy Cain Moskovitz: wendymoskovitz
Quique: quiquewoland
Caroline McDougall: carolinemcdougall
Jolie Dickson: jolied530
jillian mangione: jillian.mangione
Hanna :): hannaelizabeth11
Lucy Paull: lucy.paull24
Eliana Daugherty: eliana.daugherty
Bella Diamond: bella.diamond6
Luke Weber: lukeeweberr
Miranda: miramba2435
Jacob Mall: jacob_mall13
lucy winter: lucywinter
maddie: maddiebravermann
JenniferKern: jenniferkern47
Pat: pmac1533
Zoe Smollar: zsmollar
Nelson Welch: nelson_welch_14
Ilya: ilyarivkin_
biggie sweets: thebiggiesweets
Ari Nathanson: ari.nathanson
Ari Goldberg: arigoldberg20
bailey: bailey.byrnes
: gen2firestarter
: robby_vip99
Jeremy Septon: jeremy.septon
Dillon Freed: dillon.freed
Mallory G.: mallory26810
Lynne Sakanich: ly2nie
Anna Stahlberger: anna_stahlberger
Faye Steinfink: faye_danielle__
Andrew: andrew.kourkine
Leslie Zupnick Shapiro: leslieshapiro2
Carlos Herrera: carlosherrera.14
Maddy Moss: _maddymoss
Anne Stern: annemstern
Eli Greenstein: eli_greenstein
Langston: l0ngston
Gail Behun: gail_behun71
: achodg03
Drew Rolnick: drew_rol
: bbriannakim
Claudia López: claudialginez
Paige Wiesman: paigewiesman
annie alberts: anniealberts_
Alberto Blancas: albertoblancas6
Donna Goodhart: donna_goodhart
ashley !!: ashley.caroline7
Natalia Piacenza: nataliapia_
Ilyce Zoloto: ilycezoloto
Mason Goldstein: masongoldstein
Levi Velick: levi_velick
Marcy Zoller: marcyzoller
: marielablanche202
Jack: jack_goldfeder
Theo Rollman: theorollman
samantha fishman: samantha.fishman
Jake Ephraim: chief.eph
Ella Cohen: _ellacohenn
Jayden: jayden03p
Amy Bilow: amybilow1
AVA GADDINI: ava.gaddini
James: james_griswold
Bella: bella_macys
Av :): avafiutak
Kylie Cutler: kyliecutler
Ava H: ava_heimgartner
Sadie Glazer: sadieglazer_
Highland Park Giants Football: highlandparkfootball
Thomas Marquardt: thomasmarquardt_
julia schwaeber: juliaschwaeber
Amanda: youra_gurl
Levi Goldberg: levigoldberg
Lynn Hertl: lynnkhertl
ruby levy: rubylevyy
Jack Weinberg: jckwnbrg
Sham: shimmy3.14
kayla donenberg: kayladonenberg
Lindsay Lowis: lindsaylowis
Ayden Schwartz: aydenschwartz9
Kate Shapiro: kate_shaps
Wendy Emanuel Apple: gobears870
alyssa rosenfeld: alyssa_rosenfeld
Nia Rubens: niarubens13
Molly Miller: molly.miller826
lily zirin: llilyzirin
Amy Provow Roberts: amyp411
Ossie Liberman Lichtenfeld: ossielicht
lexi schultz: _lexischultz
Quincy Winston: quincyswinston
Ari: ahelfand52
Caleb Kipnis: kipstreetjr
Ben Bass: ben_red_b
lucy: _lucybrowdy
randeenewman: randeenewman
ellie kulberg: elliekulberg
izzy schwartz: isabella.schwartz
Jaz Seiden: jazseiden
Reecer88 V 2: reecer88_v_2
Shani Zelniker: shanizelniker_
Beth Silver Lowe: silverbeth27
: miagudgeon_
Griffin Kelly: griffinkelly1234
Kayla Keats: kayla.l.keats
Mspitz: spitz650
Dylan Traeger: dylan.traeger
Rebecca Nathanson: rebecca.nathanson
emma: _emmahodg
Stella Kassof: stellakassof
Zach: zachdeshur
Jen Stahlberger: jenstahly19
Allison Kroll Alexander: allialex3
ari jacobson: ariellajacobson
Sarah Matthews: smatthews.50
Jonah Satyr: jonahsatyr_17
grace: grace.welhouse
Ethan Segall: ethan.segall
Sheridan Brin: sheridan.brin
Daniel Milnarik: danielmilnarik_
ADELLE DRAKE: adelledrake
Keller Westman: keller_westman
Steve Zoloto: sjzo888
eva hanson: evahansonn
Jack Forman: jacktforman
Michael Siegel: michaelsiegel15
janet: _janetpena
Megan Ann Howard: ann326550
! jessica !: _jessicaarend
Tyler Kallish: tylerkallish24
SYDNEY FEINBERG: sydney.feinberg
Judy berkeley: hotmamao4
ally crane <3: _allycrane
Jill Jacobson Leshtz: jleshtz
Jordyn Libbin: jordynlibbin
: tracyboron
Sonia Chavez: soniachavez_
Rachel Fisher: rslfisher
Katherine Ohlwein: katherine_ohlwein
Wil Haas: wilhaas17
Meredith Glazer: merig224
Sasha Melinger: sasha.melinger
Joel Spitz: joel_spitz
Jessica_Pecaro: jpecaro
Sabrina Musen: sabrinamusen_
Justin Aronwald: justinaronwald
Rachel Glassman: rachel__leigh
YAEL SMITH: yaelsmithh
: emily_lliles
Cooper: co0oop
Julia: julia.poll
hattie wagenius™: hattiebeman
abby: abbympieper
amelia: ameliaisaacson
Evan Lichtman: lichtmanevan
Miranda Pomerance: miranda_pomo2018
sofia dm :): sofia.dm13
Chris Vertan: supits_chris
asher: asherkaplan_
Josh Gerber: josh.gerber12
Sam Van Cleve: samvancleve012
Louie Kasdin: louiekas5
Jonah Frank: jonah.frank
Jenna Silverman: jenna.silverman
Nina Piacenza: nina.piacenza1
Dyl: dylangrossmann
Kaitlyn: kaitlynapaez
Caydan Veltman: caydanveltman
Lisa Adelman Kaplan: lisa.a.kaplan.5
: kerday54
sophie keyser: _sophiekeyser
Garcia: rg9457089
Julia Struck: jstruckk
Kerri Gorno Gimbel: kerrigornogimbel
Stephanie Milnarik: stephaniemilnarik
lexi golding: lexigoldingg
Ryan: rylevin_
Zac Sher: zsher18
Audrey Waltenburg: frankie_4_paw
Orion Redd: orireddjames
Jackie Goldberg Meyer: jackiemeyer16
Abby Rudman: abby_rudman
Jaden Cole: jjcole14
abbie szot: abbieszot
shaya: shayaharris
Alex Alberts: alex_alberts_
Josh Kaplan: jkap28
: citynewz
Shae Connolly: shae_connolly
Max Boron: max.boron
Darrell Drake: darrellpauldrake
Jenny Kaplan: jennykaplan73
Alec Peters Soley: alecmpeters
Colin O'Sullivan: colin.rj.osullivan
Brandon Boehm: bcboehm
Peter Katai: peterkatai
Jesse Burstyn: jesseburstyn
Tyler Spiwak: topo_spi
hannah agins: hagins26
Nick Lanchak: nick.lanchak
Ian: ianepstein11
Bobby Walker: walksbobby
Konner.Sayer: konner.sayer
roxjam: roxjam
Sarah Goldstein: sarah.goldsteinn
rae: raegansondag
Jeremy Schwab: jeremyschwabbb
sarah atlas: sarahatlas_
Tay: taylor_b_raun
: cmsegall
Y: the_adventures_of_y
Asher Goodman: ashergoodman_
Samantha Feinberg: sampeyton1
Miguel: ctrlmiguelx
NateS: natess773
Guadalupe Campos: campos0_13
Jordyn Jaffe: jordynjaffe
brooklyn peterson: brooklyn.peterson
Will Ginsberg: will_ginsberg
Taylor Keno: taylorkeno27
Brian Crane: brian.crane.92
Will Rubin: willrubin1
Kira: kirasthomas
Jayson Shapiro: jaysonshapiro_
: peytonnmoran
Kalin Patel: kalin_.patel
Jake Podbelsek: jake_podbelsek
Julie: juliayn26
Evan: e.greenbaum22
: lisaz13
Jenna Victor: jennavictorr
Meredith Granader Segal: meredithsegal
samara: jugchild
Parker Bondy: parkerbondy
Jamie Mall: jamie.mall
Gregory Wallman: gwall_35
Dan Struck: struckdan
Erica Cohen: rickimarks
Emma Struck: emmastruckk
Adam Lelchuk: adamblels_life
Hannah Sanderman: hannahsanderman
Tyler Pont: tyler.ponticiello
Ori Helmer: orihelmer
avery mindel: averymindel
Josh Shanberg: josh.shanberg
Sydnie Karel: syd_karel
Henry: henry_eisenberg
Brandon Tejada: _brandon_tejada
charles Winternitz: charles.winternitz
Bryce Strongin: brycestrongin
Eden Drury: eden_drury
Melissa Block: melblock728
dylan brooks: dylanbrookx
Kristen Logan Lindstrom: kristenloganlindstrom
Jody Melinger: jodymelinger
sammy erlich: sammyerlich
AMY SIMON: amysimon2345
Emily Hakimi: emily.hakimi
ella walker: ellarwalker
Max Wilhelmsen: maxwilhelmsen
Brody LaForce: brodylaforce
Hope Kirchheimer: hopekirchheimer
Talia Bensinger-Colton: taliabc
The Presidential Pups: jackson_the_red_poodle
: lorikelly33
Ally Kovitz: allykovitz
Gabriel Spitz: g.spitz1
suzi <3: s.uzan.na
Anamaria Elejalde Cashman: anaecashman
Sally Menaker: s.menaker
Summer Rosenberg: summerosenberg
: kcastillo45
aria peszek: aria.peszek
elle kimelman: ellianakimelman
Alex Finger: alexfinger3
alden mazur: aldenmazur_
Melanie Santiago: mel.xuxi
Jonah Schwartz: jonah__schwartz
sabrina borstein: sabrinaborstein
Max Ray: max_ray__
Betsy Baker: betsybaker2014
Dana Wallman: danawallman
bea: beastylish
May: mayhassib
Debbie Samson Zucker: deborahsamsonzucker
HPHS Class Council Of 2025: hphs_classof2025
Chloe <3: chloshermann
stop: total_tutor888
ZB: zoeybravos
Matt Kelly: mattkelly1970
EMMA FISHBEIN: emmafishh
LIZ SALINAS REAL ESTATE BROKER: lizabethssalinasrealestate
Noah Bosarge: goodlifenoah
Lori Muskin Gordon: lorimuskingordon
maddie lieberman: maddielieberman
Julie Burstyn: julieburstyn
: lucyhellerr
Samantha <3: samfiutak
rachel skye: rachelsweberr
Frankie Pecaro: frankly.its.frankie
cpellelucci: cpellelucci
: hp.running
: 4momorama
rae cohen: rraecohen
Jason Seiden: seiden
Ringo Relaxes: ringorelaxes
: sgehrig7777
rachel smiley: rachelsmiley_
100 Acre Design: 1hundredacredesign
haley: haleymsolomon
Sandie Sable Kintz: sandrakintz
Jennifer Walker: jenniferwalker0
: debbiekatai
Melissa Kerpel: melissa_zumba
Chloe Geller: chloegelleerr
Discount Credit Card Supply: discountccsupply
Eli Resnick: eresnick_43004
Logan Bronstein: loganbronstein
Aidan Udani: aidanu1
Melissa Forman: melforman
David Zlotnik: davidzlotnik1970
lisa: lisagoodmanhelfand
Jesse Barnes: jesse.b29
Scout Koulentes: scoutkoulentes
alexa turner: alexacturner
Matthew: mabrostoff2022
: sweet.caroline.buh.buh.buh
Grace Max: gracemax_
Sookie Drabla: sookie.chloe
Gregg Kaminsky: greggkaminsky
Ben Greene: _bengreene
Danielle Pritzker Perper: danielleperper
Moose the great: manoussothegreat
Phil Bach: philyhp
Susan Haimes: susanhaimes
n i c o l e: nicole.hart5
Scene Vintage: scenevintage
Sara: saragene_
Simon Cohen: simoncohen76
: gma3001
Kitty: mykatsrkewl
: guardian_hhc
Antoinette F. Cahill: cahillantoinette
Kim: kgarcia13180
ariella shiloh: ariellashiloh
Marcy Turner | Spanish Teacher: fabulousclassroom
HP Class Council 2023: hpclassof2023
Kim Ivy: luvu2themoon13
Stephen Timmons: s.timmons18
emily zimmerman: _emilyzimmerman
: jkbringas
Danielle Speciale: danielle.speciale
Meet S.: n.ishaann01
Shalisa: yo.gurl.shalisa
: 81mohammad_james
Eileen Rosenfeld: sharkeyrosenfeld
: hphs.wouldyourather.gc
Ken Triplett: kendog543
Rin: cranderson4
