irene capitano: ireneslikeschipotle
Jennifer Stedman Haynes: jhjhaynes
Adam Behr: adamtbehr
rivers breeding: riversbreeding
katie: katie.wasserman
Caroline Kubitza: carolinekubitza
Ed Harris: edh0053
Augie Piczak: augiep1
Lily MacMane: lilymacmane
Maya Buryakovsky Pomroy: maya_b_pomroy
grace markovich: graceamarkovich
Vivian Rose: vivian.f27
Ryan Karkowsky: ryankarkowsky
Isabelle Grace: isabellevgrace
TALI KALMANS: talikalmans
Savannah: savannahgmiller
Karen Treistman Susman: ktsusman
Ian Overman: ian.overman
Noah Rubinson: noah_rubinson
Amanda Gonzalez: amandab_gonzalez
Susan Le: susan.h.le
Jeanne Moses: jeanne_moses
Gracie Mitschke: graciemitschke
Matthew Berman: mberman2006
Catherine Gordon: catherineegordon
Mary Catherine Sharman: mcsears12679
Lewis Kalmans: sweetlewkal
Jennifer Scheifley Roberts: jscheifley
susan e meyer: susanemeyer3
Ellie Bullard Skelton: elliebskelton
Kristin MacMane: special_k_mac
Harrison Hester: harrisonhester1
Lindsay Nussbaum: lindsaynussbaum_tutoring
Harrison Jones: harrizola
Chandler Black: _chandlerblack
Kim Hankamer: khankamer
May Moorefield: may.moorefield
Stefanie Trachtenberg: stefanietrachtenberg
Martha Kendall: marthamacmane
Suganya Mani: suganya_mani
Caroline Schillaci: caroline.schillaci
Mollie Gordon: dr_mollie_gordon
A l l i s o n W i s e: allisonbwise
Betsy Hirshfeld: behirshfeld
Lexie Rose: lexielehne
Tyler: tyler_winter1
Daniel Leibman: daniel_leibman
Melissa Bloome: melissabloome
Farrell Harris Saunders: farrellsaunders
Christine Rose Laskin: claskin
Parker Kubitza: parkerkubitza/
LINDSEY KARKOWSKY: lindseykarkowsky
K8 HYMAN!: kate.hyman
Will Gordon: _willgordon
Laura Newman Ruthven: laura_newman_ruthven
Susan Cox: susan.h.cox
Luba Bigman: lubabigman
: eva_wolfe
Haresh Yalamanchili: hyhtx
Tee Wickman: teewick
Susan: sheldebrand
John Klevenhagen: johnklevenhagen
Leslie Margolis: leslie.margolis.1
Danielle Monticone Schmulen: danielle_schmulen
suz: susie.girard
Jared Laskin: jared.laskin
Skyler Swanson: skylerswan
Erin Goldman: txerin12
Lindsay Nussbaum Levin: lindsaynussbaumlevin
Abigail Klinkerman: daklinksta
Greta Ravitsky Pliskin: gpliskin
Susan Cannon: susancannon3211
: amandadavis75
Amy Goldberg: amy.goldberg.10
Teri Gordon: teriggordon
Kinkaid Falcons Field Hockey: kinkaid_field_hockey
Denise Horowitz: horowitzdenise
Skye Perkins: skyeperkins_
lexie rose strauss: lexieroseee
Kristen Duerbig Katz: kriskatz8
Natalie Harrison: natalieharrison1764
Caroline Dannenbaum: cdannenbaum
: neimanmarcusmimi
Liesl Helms Leman: liesl.leman
: manyadl
The Kinkaid Middle School: kinkaidmiddleschool
River Oaks Baptist School: robshouston
Kscholastic Inc.: kscholasticinc
Kinkaid Lower School: kinkaidls
