Ainara: ainaraschubebarriola99
abby: abbyyholtman
Isaac Harris: isaac.harris04
dani schneider: danimadison_
ava liebmann: ava.grace77
Dillon Nashelsky: d_nash46
Josh Rubin: josh.rubin_5
Armandine Le Bertre: armandine_lebtre
Jake Bransfield: jake_bransfield
lily mansell: lilymansell_
Emily Guzman Abreu: emania1210
