Touella: touellafitz
Caleb Kaufman: calebcsk8
Natalia Román: nataliarroman
Alex Heldman: heldman_alex
Claire Labovitz: clairelabovitz_
Vincent Mandracchia: vincemand
Henry Field: henry_field13
Chloe Nacson-Schechter: chloe.ns
Keith Miller: soggygranolabar
Nick Rosenstadt: nick_rosenstadt
Kyle Simandl: kylesimandl
Kate Seitz: kateseiitz
Reece Dorfman: reecedorfman
Davis Goodman: davisgoodman1
Hannah Bertisch: hannahbertisch
mia bleu: miaawaldman
sophia hofmann: sophiahofmann_
Tommy Sulliman: tommygirl15
Thiago Opp. V. Oliveira: thiagooppermann
Della Goodman: dellagoodmann
KES: katherineschultz_
Lilibet Kirwan Chapman: lilibet_kirwan_chapman
Sammy: sammyaskin23
Tillman Ball: tillman_ball_
Felix Nusbaum: felixnusbaum
Caren Kurtz Goodman: carkurtz
Rye High School Parking: garnetparking
grace schrock: graceschrockk
: mbertisch
bailey goodman: baileyygoodman
: hartzelljsr
Ferris lachman: ferris190
RHS School Counseling: rhs_schoolcounseling
lily: lilyyymann
Johnny Hartzell: jrhartzell_44
