Followers:

veronica: dutton.vera
Miranda (they/she): mi.randaraye
Coby Nunberg: cobymnun
Dylan Levine: dylan.levine55
jordan: _jordanrosen
Alex Searle: alexs_searle1
Adriana McGarry: adriana52951
JJ: juliana.agati
Max: max_gusarov18
Archie: archiedegnen
Sally Wallace Runolfsson: sallywallacerunolfsson
Leyla Nakisbendi: thoroughlymonstermillie
Jack Gorsuch: jackgorsuch2020
Elliott: elkalt
Dina Preiser: dinapreiser
Ella Collins: emc_ny
Katie Moore: katiemoore.08
Jordan Galin: jordan_galin
Kaitlyn Lake: kai_tlynl26
Caitlin: caitlinrubsamen.6
Ella McCourtney: esmccourtney
Michael La Capria: mlacapria11
Claire Kristensen: clairek_24
Arielle Wilson: arielle_wilson12
Ryan Challice: ryan__challice
maeve: maevemccourtney
Thomas Baffuto: thomasbaffuto
Jenna: jenna.jpeg_
Anss Hyka: anss_hyka
Nate Wood: pvillenate
Riley Vavolizza: rileyv_10
megan:): megan_d11
Molly Baxter: mollybaxter27
abby mcallister: abbymcallisterr
Lizzie: lizzie_hoadley
erin quadrino: erinquadrino
kaylee: kayleesullivan13
Claire McSpedon: claire_mcspedon
Sharon Frank DeLuca: sharon.deluca
Brennan Wiebke: bwiebke005
John McCarthy: john_mccarthy355
MaryGrace: marymccarvill6
Julia :): juliaoreilly02
Brian Straus: brian_straus
: frank_decker44
Rdriley11: rdriley11
Tomas: tomas_sokich
Doruntina hajrizi: tinahajrizi_
emily merritts: emily.merritts
magjoev: magjoev
fiona: fiona_lefko
Jack: jackoreilly15
Brian: brians504
Nick Natale: nickyb_518
emma rippstein: emma_r_16
Marielise Watts: marielisewatts
heather vamossy: heathervamossy
emma selesnick: _emmaseles
Mallory Watts: mallorywatts_
daniel ward: danielw4rd
Julie Anderson: goldiejules22
Grant Becker: grantbecker6
Ben Rosen: brosen16
Ashley Rosen: ashmrosen126
Kerri Finnegan: _kerrifinnegan
ava :): ava.portmore
Rebeca Finnegan: rebecaf812
: grace_gerosa
: theolynch_
laur: laurenduncann
dermot mcspedon: mcspedon.dermot
: reillyybyrne
Noah Whitney: nlwhit2
Sean_Rapley: sean_rapley
Ryan Pojo: ryan_pojo
Ella: ella.2427
Hailey Gooden: hailey_gooden
Weston Coleman: westoncoleman_
Ariana C: arianac_3214
MIA: miahoxhaj
ellie perlman: ellieperlman
Ryan Kennedy: r_kennedy07
Melissa Furman Anderman: melissaanderman
Noah Maceyak: noahmaceyak
Maura McSpedon: mauramcspedon
Erin Weitzman: erin_weitzman
ava horigan: ava.horigan
Rainer Ducmanh: rainerducmanh
Elizabeth: elizagorsuch
: caitrionacurryy
Katie DiPietro: katie.dipietro
Jennifer Pangia Gorsuch: jenngorsuch
Mia Ning: m.lo.124
Ryan Miller: ryanmiller2428
Amy Harter Pedulla: amyepedulla
Niamh Tansey Thurman: thurmanniamh
cece follman: cecefollman
Bella Lleshaj: bellalleshaj
Chloe Dillane: chloedillane1728
oksana :): oksana.aikens
kiera: kiera.sheerin
Maria Stefanou Peters: mariastefpeters
Aidan picart: aidanpicart
eva anderman: eva.anderman
James: jamesmartin_8
meghan: meghanbhogan
Ep: ellie.pettus
Nick peters: nick_draws615
Anne: apm_101
Len@freberg: frebergl8
agati: michaelagati
Pablo Perez: pab10.perez
Shania Harris: shania.harris_
Sara :): sara.i.oleary
gabby haggan: gabby_haggan
Chloe: chloebalin
Hank McCourtney: hank_mccourtney
Aiden Matano: aidenm_m
eva bucci: eva.bucc
rayna <3: rayna_guptaa
nadia langsam: nadialangsam
Stefanie Giacchetto McGarry: stefmac2
Jacob Carozza: jcaro612
Noah Marlow: noah__marlow
lily: lily.vidra
Carolyn Gordon: carolyngordon2021
Stephen: mw.stephen1016
annie: ar_0605
Nicholas Cronk: nick_cronk
Emma Murphy: emmamurphy1313
ciara mccarthy: ciara.mccarthy56
: eports1
Paul Scopino: paul_scopino
Cristina Tome: cristina__tome
Zack Arnold: zachary_.arnold
Linda Trotta Dillon: lindajanedillon
Aiden McInerney: aiden.mcinerney
jennifer gates: jenniferxgates
Elizabeth Allardyce: elizabeth.allardyce
addy huling: addyhuling
Kirsten Owens: kirstenowens_
Wordcraft Writers & Thinkers: wordcraftny
Lorcan Healy: lorcan_healy
nadia berkowitz: nadia.berko
Paula Newman McLane: paulamclane
Kaden Geier: kaden_geier
Georgia Peters: georgiapeters023
Frank Assue: franksterassue02
Steven Pettus: stevenpettus_
Summer :): summerdeluca
Angie Berg: angieberg__
Molly: mgalin
Suzanne Sanborn: suziesanborn
Ben Klingner: ben76987
Daniel Baturin: d.baturin04
Jack Klingner: jackek2204
Abigail Lee: abirosemarie
Patrick Walsh: patrickj.1903
Danielle Oreilly: danielle.oreilly
Kieran Cotter: kierancotter_
Liam Coyle: liam.coyle_
Dee: deedeedatt
Jessica Capriglione: jessi_caprigz
Aisling: aisling._.mulcahy
Joe Sdao: joesdao
bronwyn ;): bronwynbruder
Justin: justin.owenss
Ryan Kang: rjkang_22
Alejandro Martinez: alejandro.martinez27
Rebecca: rebecca_finstaaaaa
Class Of 2022 Insta!: clearwater2022
Panthers Official: pleasantville_panthers_10570
Bruce McLane: brucemclane_
Peter Stanley Pueyo: pville.pueyo
Phs_classof_2022: phs_classof_2022
katie: katie.pondok
: tommiller617
Pleasantville Panthers XCTF: pleasantvillexctf
Rebecca: rebecca.pedulla
John McCarthy: john.mccarthy.750546
Ian Heyman: ian_heyman
PVILLE 6TH MAN: pville6thman
PHS mental health club: familiarfaces_pville
Marlene Balin: cyclistbaker
Marlene Balin: marlenebalin
