Followers:

Emily: emily.higginss
Bebe LeMay: bebe.lemay
Ashley: a.s.h.l.e.y_29
Uyanga Batsaikhan: uyanga_batsaikhan
Emerson Rosenberger: emmyrosen7
Sash: sasha.fedorchak
Maren Stroup: maren_stroup
tyler meadows: tylermeadows__
elham: elham.abdiiiiii
James Gan: james_gan25
John Cunningham: jp.cunningham3
anna: annabartlettt
: lm2400_
Alex Voth: voth_alex
Simon: simon_romano
Dillon Segal: dillonsegal
eilidh (ay-lee): eilidhpyle
Jackson Birdseye: jackson.birdseye
Chet Irvin: chetbirvin
Kamel Barghouti: lamelo_kamelo
Madison McCartney: madison_mccartney_
aminata: aminata.davis
Tori: tori.jones_14
HESSYMEH: hessymeh
Ty Lolak: tylolak
Jannah Zabadi: jannah.a.z
Natalie: natsch22
Alayna Binder: alaynabinder
Suzanne Mucchetti: suzannemucchetti
pete: pete.pkl
Maia Tankersley: maia_tankersley
Leah Pizzi: leah.pizzi
Alexander Gil: ag_160
Nick Halderman: nick_halderman28
Tommy Trinh: tommy_trinhh
Ava: ava_gutshall
Katie Brown: kaatie_brown
: jaco.bnickles
Myra Clark: myramayyyyyy
Benjamin: benwbrooke
: nickg0016
Josh Christieson: josh.christieson
Josephine FG: josephinflangoodm
Mariola Montequín: montequinmariola
audrey: audrey.pocrass
Justin Shen: just.sn
Eli Beardsley: eli.beardsley01
Will Voigt: willrvoight
Olivia Valentin: oliviavalentinn
Isabel Estevez: isabel__estevez
jdw: jdw_246
Sergio Flores: serg.f08
: josh_l88
Sofie Keppler: sofiekeppler
Damla Ozbilgin: damla.ozbilgin
Sophia Futrell: crowphiaf
clare: clare.murphyy
Elal Tilahun: elal_tilahun
anabelle kluge: anabelle_j_k
Ben Martin: menbartin
Joseph Myers: josephlpmy
Patrick Boehk: patrick.boehk
lydia schumann: lydiagschumann
Liam Anderson: liamnanderson26
Jacob Williams: jakelax88
fiona: fionaashepherd
Travis Sagusti: _travissagusti_
ciara: ciaranammo4
Pauline: pauline_kmk
Garrett Dexter: garrett.dexter
amelia o’kieffe: ameliaokieffe
Sanchit: sanchit.singh4
ev low: evelyn.lowen
S H A Y N A: shaynarichman
Jillian Burpee: jillian.burpee
Lana Hadzihasanovic: lana71sh
Joseph Knight: xcjoseph04
Bennett Lamb: bennettlamb_
Zach Levin: zacharyllevin
soph: sophlopresti
louie emery: louiemery_
sadie: sadieoneal22
Adams Saenz: adams.saenz
sylvie fountaine: sylviefountaine
: matthew.neikirk
Lauren McDonald: llauren.avery
sophie: sophiesprinkel
Lawson: lawson_knisely
Elizabeth Bruington: mebruington
Jacob Foti: jacob_foti9
Dominick Suwak: dominick_suwak5
Elisabeth Hagen: elisabethahagen
Esvin: esvin.gramaj0
Beck Ortiz-Rohaly: beckortizrohaly
Claudia: claudiajewel_
lucy flannery-goodman: lucyflannerygoodman
James Thomas: _jamesth0mas
Daniel Platt: dc_platt
emma: emmaarellaa
Laney: laney.reiser
Alex Keckler: alex_keckler
olivia: olivia.burgeson
elise newell: elisenwll
: amrik_eastman
ELLA MAC: ella.mcnamee
Chloe Desautels: chloe.desautels
Caro: caroline.brickley
|| Alma||: _alma_m35
Rachael Wilson: marc0thepuppy
Amelia Anderson: amelia_d_t
Jack Freeman: jack__freeman25
Adam Stievater: astievat1
hannah: imhannahschenk
Maria Sherer: maria_sherer
Sara Zehe: szehe99
Trevor Dominguez: trevor_dominguez22
Jessica Lin: jessica720lin
Rick Escudero: rick.escudero
Sharon Davidson: sharondavidson6
katie: katielowe99
Wingit: debbiegarrettwing
max troiano: max_troiano
: katie.baptiste
bhumika: booo.mika
mia: miashenkman
Lilly Pilch: lillypilch
liv :): oliviabarrowss
kate bailey: kate_bailey098
: ninaparsee
Jack: jack.duhamel
Jaywuva: jaywuva93
Sam: finchisnotabird
Christine Haddad: chrissyhaddad
Tristan Kickbush: tristankickbush
Sue Annis: annis.sue
clara falkenheim: clarajfa
Mimi Core: mi_mi_co_re
LA: lexi.adelstein
chandler: chandlerb10
: spence.k3711
Jake Levy: jake_levy61
Jack Blocher: jackblocher
James Tallon: jamestallon7
Alexander Dennis: alexdennis312
Jana Meltzer: janameltzer
Katie Carman: swim_mom22_
Joshua Isaiah Calderon: josueisaiah
Philip Blumberg: philip.blumberg
TJ: tj_hutchison
Yorktown Baseball: ytwnbsbll
Alex Valentin: alexvalentiin
Andrew Vanhouten: andrew_vh12
Eric: eric.hilton28
gillian howell: gillianhowell_
: michelleganbat
Ryan Cole: rtcole04
Catherine: catherine_h10
: jimmyogreenwood
Tyler Chase: tyler_chase23
Elena :): elenaediaz_
Nick: nick.hornyak
Suyana: suyana1029
Ketz Murray: ketzmurray
Nina: ninareinharz
Katie Ferguson: fergprops
adele: adele.robbins
Gemma Friedman: gemma.friedman
: jillburke16
nora k: nora.kkeith
Din Hadzihasanovic: din__h
Michael Stoloff: b1g_mike17
: ellabalzano
: gmos21
Jane Andelman: janeandelman
Taylor Price: taylorprice___
Katie: katiedietrich47
Sean: seanmartyn12
Kristen Gureasko Masci: kristenmasci
Julia Mercer: juliamerrcerr
AINSLEY BURKE: ainsley.burke
mia lodwig: mia.lodwig
Ellen Gilberg: ellengilberg
ryan: r.mmarkle
Trip Wellman: trip.wel
ben rosenthal: _brozy
Julie Goldsmith Reiser: scoutreiser
Connor Kaetzel: kaetzelpretzel15
Kathryn Linehan: kathrun_bakes
mackenzie kaczmarek: mackenzie.kaczmarek
Aly Daly: aly_daly
‘: roreilly12
Kate Ange: k8ange
zoe: zoe.foose
Ash: ashley_deabler1
jewel mootz: jewel.mootz
Molly Cowan: mollycowann
Oliver Blum: _oliverblum
Potter: potter.robertson
Molly: molly.kaufman
Campbell Gilmour: cpg_3737
Kevin O'Connor: kevin22207
Jill Randles: jrandles
carter owens: carterowens__
Sadie Sher (She/her): sadiesher
lauren neuman: lauren.neuman
regebe: regebe04
Devin N: devnem_
carly lapierre: carlylapierre
EL Jr: eljr2731
Ann Holley: annholley71
Sofia Dahl: sofiadahl_
sydney merriweather: sydney.m03
Christina Dietrich: ddsmmg
Tess Monticello: tessmonticello
julia: julia_dinescu
Adelle Stoker: adellestoker
Morgan Test: test.morgan
Maggie Ramos: maggieramos_21
Anna Cristina: acfatemi
Sarah Logan: s.e.logan
Amber K: kresemp
Samantha Brady: samantha.brady31
Josh LeMay: realjoshlemay
: taradunion
ISABELLE BRISTOL: isabelle.bristol
: iansjohnston
Eddie Blumberg: eddie.blumberg
Camille S.: 92camilou
Hannah Lowe: hhannahlowe
annebetz: annebetz26
Ethan: ethanwollins
Evan Baldwin: evan_be_ballin
whitney montgomery: whit_monty
Ellie Billings: ellie.billings
: jacobhawkk
Christopher Putnam: cputnam04
Elizabeth Lydon: lydonelizabeth
: jforville
Lauren: lcb5600
Kristina Boehk: kristinaboehk
Sheena Eldred: sheen13e
Julia Teixeira: juliateixeira5
Charlie Elliott: charliegelliott
sydney: sydpolly
emma koppelman: emma.koppelman
Casey Bransford: casey_bransford
Sydney Gross: sydney_gr0ss
mando spando: mandibirnett
Sofia Snelbecker: sofia.snelbecker
Fiona Birnie: fiona.birnie
: etpocrass
Amy Hartz Brown: amyhartzbrown
Noah Marino: noah_marino_
Nicole Hurren: nico5_5
Juan Carlos: jc_cruzt
Boyle: aidanjohnboyle
HB: skai1996
vian nguyen: viannguyen_
caro: caroline.burgeson
Mary: mhcva
official yhs commits: yorktowndecisions23
Megan Akst: megan_akst
Margie Clark: margieclark421
zur: alexander_zur
phoebe: phoebe.scarborough
Libby Heckler: lib_heck
Eloise G: elo_is_trash
Holly Durham: holllydurham
JJ: jj.foti3
Brig Schmidt Gwyn: brignickgwyn
Amy Izo Fang: amy.i.fang
: samantha.foti
sarah bailey gwyn (sb): sarahbailey.g
erin keegan: erin.keegan
Basil: lydiaboesel
Jack Carman: jack_carman22
ashley: ashleypark.13
davis lynn shiflett: davislynnshiflett
Clare Lewis: clarelewiis
Christy Huber Cole: christy.h.cole
Jennifer Dziedzic Leonard: jdzleonard
Brian Nelsen: bnelsen22
: lexiolsennn
vivian marceca: vivianmarceca
Christina Stafford: staffords_email
Lizzie Burson: _lizzie.b_
Kristen Williams: drkrispic
Olivia Grabman: ograbman
Sophie Andelman: sophieandelman
Maddie Aponte: maddie.apont
Patrick Ferguson: patrick.ferg22
John Thach: john.thach
Maria Vela: vela445
Emma Nelsen: emma.nelsen_
caro roy: caroline.royy
Marco Polo Wilson: marco_wilson_the_puppy
Matthew Voigt: matthew_voigt
Kiersten Bergman: kierstne
shay montgomery: shayymontgomery
emma: emtulley
Ben Eastwood: benfe2003
Sardar Aqib Khan: sardar_aqib__khan
: novasoccersource
Tom Levy: tomlevy100
: yhs_basket.ball_jv
Sweet Briar College Admissions: sweetbriaradmissions
Doug Kaufman: dougk99
Liz Hall: lizhall6227
: rjehwbabsbfbrbejwksk
: yhsarabicclub
Rebecca Lynch: midnightinrio
Peel Away: peel_away
Elaina: el.aina4323
: aps_college_predictions_2022
Smixer: smixer_21
