Filtered Followers:

jordan: _jordanrosen
Jacob Geyman: jacob_geyman
Ben Rothenberg: rothenberg.ben
brooke mozarsky: brookemozarskyy
Edith Bachmann: bonjouredie
Cyrille Jousse: jousseman
Jack Blackmar: jackblackmar
Sarina Metsch: _sarina.1
Rose Tse: tse633
Ella Horowitz: horowitzella
: paleykirschner
jenna: jkleynerman
Harrison Boyd: harrisonboyd8907
Liv: livschlossman
Aidan Schissler: aidanschissler
Evan: evanweiss32
Emma Klarsfeld: emmaklarsfeld
: stefanieglusky
Alex Kahn: alexkahn12
Ryan Salaman: ryansalaman
gina ;)))): ginaschiliro_
Abby: abby_cushman
Ethan Cushman: heycushman
joey skye: joeyschachter
: lukekovensky
Tamar Wiener Schweitzer: tamarschweitzer
Alec Miller: alecmiller_
Zach: zachberkowitz_
Jacqueline Cohen: jacqui.cohen
Hudson Schantz: hudsonschantz
Ben Goldman: bgoldy25
Adam: adamlefk0
Ella: ellafleischr
sydney levy :): sydmlevy
Robbie Oestreich: robertzachary_
Aidan Berkman: aidan_berkman
Charlie Zimmerman: charliezim_
Lila Klarsfeld: lilaklarsfeld
Gaby Cohen: gabycohenn
jamie spielberg: jamie.spielberg
charlotte karp: charlottekarp_
Charlotte Rosee: charosee_
Casey Schreck: caseys5_
Jake Levy: jakelevy916
katerina: kkatschmidt
samantha grech: samanthagrechh
sammy glusky: sammyglusky
Arielle Goldman: ariellegoldmann
lexxx: lexiweisss
Jake Goldman: jgoldie7
Deb: goldmanfam
Simone Eva: therealsimoneeva
Noah Lefkowitz: noahlefko
Trisha Blackmar: tbjk32
Jesse Wild: jesse.wild
alana foreman: alanaforeman
Hayden Weiss: weisshayden
Brooke Altman: brookeaaltman
peyt: peytonfishman
Gavin Javorsky: gavinjavorsky
Julia Hansburg: juliahansburg
Alison Shapiro Bernstein: alib4kidz
audrey monique: audreyrosenbergg
Rosana Cohen: rosana_cohen127
Will Harrison: willharrison4
Drew Schneider: drewschneidz_
Rick Rosenthal: rickrosenthal45
Elise Fischer: elisefi10
SAM: samanthaschaevitz
Chloe Siegle: chloesiegle
Stephanie Diamond Auster: stephauster
Nancy Maniscalco: nancy_maniscalco
Ethan Cushman: ethan.cushman
tor: tori_shapiro
ashley weissman: ashleyweissman_
emma cohen: emmaaacohennn
Ella Javorsky: ellajavorsky
Jordan Baskind: jordanbaskind
Dani Freiberg: danifreiberg
Dylan Schimel: dylanschimel
caro: carolinelandesman
natasha willow horowitz: natashahorowitz
Scott Foreman: sthrottlemeyer
