Drew Wilenzick: d.wilenzick
BarbaraM: yarnbarb
Nicole: nicolepolevoy1
vishwa: vishwashukla19
caro: caarolinestone
Lizzie: lizzie.andersen22
emily: emilysniderr
Chloe Reidy: chloe.reidy_
: cl00693
Zoe: zoefranks10
Ellie Park: elliiepark
Erin: _erinburnss
Rishab Rao: rishab.rao02
Brian Zhou: brian._zhou
ann: ann.pastore
marina: marinavarriano
Haonan Gong: h05.g15
riya rao: r.rao18
Jason Sendek: jpanda_66
Dylan: dbright975
stephanie taranto: stephanie._.taranto
Sebastian Martinez: sebass_0410
Anita Suchdeo: asuchdeo
lily :): lily.shaf06
shennah :): shennahpreble
marquesa: marquesa_leggio
WILL: will._a
Jackson Shafiroff: jshaf30
Aiden Rutman: arutdog
: charlottebaerr
Toby Young: toby_young06
CRR07: crr0707
Grant Lichtman: grantl5x
Kevin Callaghan: kcallaghan11
JL: josh_linett
V: v.young205
devin: dev.franks
ava: ava_mattina
Matt Lee: attmlee
yasmin: yasminparandian
Camden Couch: camjamescm
Ryan Hadi: ryanh004
Talia Fante: talia.fante
Mirabel Solomon: mirabel2024
Greta: gretabmartin
Jenna: jenna.fellini
Sharon: sharon.carpenito
Raghav - Raj: rcollective.3
Ava Makaron: ava.makaron
Matthew: mlabkovski
Natalie Conte: natalieconte_
Rorie Pickman Caparelli: roriecap
Nancy Beard: nancybeard1982
Kelly Friedel: kellymf16
Brandon Epstein: brandonepstein03
Kyle: kyle.courounis
Waiz Mansoor: waiz.mansoor
Ruikang Lin: kangkang_04
Sarah: s.renz2
Tori Tribble: ttribble18
sophia: sophiazielinski19
diana: _diana.jones
abby healy: abbyhealyyyy
Andrew Carpenito: andrew_carpenito
Elliot Jones: elliotjones18
chessie monaco: chessie.15
Jayna: jayna.borrelli
Nance Dickinson: nance.dickinson
lauren: laurenjacobyy
Connor Dornau: connor_dornau13
Nicholas Kramer: n1cholas.i
KAITLYN :): kaitlynloparrino
Jack Newman: cactus.jack03
Joshua Manimala: josh0193847
Talia Diller: talia.diller
Jesse Roth: jessety15
allie moraglia: allie.moraglia
sora marable: sora.marable
sam: samanthafrankss
Cecilia Fabry: mommafabry
katy: katy_fogel
Oliver Greenwood: ocgtheater
Tommy Poggi: tommybats1404
David Villalobos: dvilla_18
Kristen Friedel: kristenfriedel_
Terry Hongell: t.hongell
Jared: jared_boder
Ben Young: ben2099young
kay: kailynnreilly
Lillie Bianco: lilliebianco
Brooke A: brookecali2006
Theo D’Onofrio: theodonofrio
Giovanni Culotta: giovanniculotta8
: lukediamond27
Jean Zelkovic: jpz02
Sabrina Venezia: sab_v.05
Noreen Hussain: noreenhussain20
Claire Friedel: clairefriedel4
Joey: joey.9u
megan: meganstopera
Jen Fertucci: jenfertucci
Daniel Sugrue: sugruedaniel
Diane Minardi Stone: djminardi
Carolyn White Richer: carolynwhitericher
Matthew Burnette: mk_burnette
Ben Siegel: bensiegel10
talia: talialondonn
Ryan Costabile: ryan_costabile
Annie Dineen :): annie.dineen
Evan Van Camp: evan_vc26
: manthamiller
Saad H: saad.hus
Ian Miller: ian_miller_7
Josh Gershman: joshgershman
maddie martinez: maddiiemartinez
: alipacker124
Rob Healy: robkristinh
Darren Zheng: renso0425
Xiomara Rivera: xiorivera1
KM: kylamillerrr
luella: luttkus27
Pauline Ciaramella Dennis: plc24
Poornima Raghu Gowda: prgowds
Gabe Korner: epicgabe46
Nichole Gaffney Culotta: culotta71
Rhona Golubock: rgolubock
•Trevor Lazarus•: trevor_laz27
Helene Miller-Alenstein: helene_alenstein
Meredith Klapholz Fogel: mdkesq
Aloken: aloe.ch
Nancy: nvc01
Phil Stone: philaboast
Josh Cooper: joshcooper.6
JAM22: jam22116
Jack Silvershein: jsilver210
Julie Kotler Snider: juliekotlersnider
Masonk: masonk36
Zoe: zoe_r_2024
msiegel: _mayasiegel
Kabir Gowda: kgowd8462852
: jackf52
Jack Manganello: j.mango24
Heather Sabatier: hsabatier
Giulian Greco: ggreco_6
Ada Hoßfeld: adahossfeld
Patrick Shine: pshine811
ella: ella.salvati
Matt Rotter: mattrott87_
amelia: _ameliahammond_
Ryan Carpenito: ryancarpenito
: bethb39
Meggy Mani: megm826
Sam Fash: samflash0506
Julie Plank: plankju
Nathaniel Rohde: nathaniel.rohde
Daniel Satran: dsatch85
Mary Alenstein: livingpondlife
Cathy Labick: clabick
: soj301
Emma: emmmsmith
barbie vallejo: barbie.vallejo
Hayley Bloom Ludwig: hayleyaludwig
Jordan Corpus: jordan_corpus23
Christine P: cckcphil
Suzanne Wexler: suzwex
Attila: ati_smith_
Jared Haberman: jrod0502
Nick Federici: nickfedericii
Tang: stangny21
Lindsay Waterhouse: lindsaycwaterhouse
Marc: marcthephillyfan
: rg_swidler
hannah: _hannahmelnick
Rai-shan Hall: raishanhalljr17
Walnutlefty: walnutlefty
Michael: m_rebisz
Laurel Bright: laurel.bright
: mbrog02
Justin: boderboy916
Tyler Cho: tyler_cho14
Noah Hirschhorn: noah.h135
Nico Santucci: nico_santucc1
Sam S: sam_steiger_
: samnemeroff
aaron bottiglieri: aaron97__
Debi Epstein Fried: debep4
Nicky: nickyeinhorn5
Torosian Genealogy: torosiangenealogy
donna suarez: donnaswa
Gary Torosian: gary.torosian
Kara Lazarus: karalaz02
Tara: taraonig
Andrea Latter Omohundro: aomohundro
Eileen Madden: ebmadden4
Ethan.klar: ethan_klar6
gaelen weinberg: gaeleneve
Jen Renz: jen.renz
Karenna Best: karennabest
Melissa Gold Jelinek: meljelinek1
Sergio Prosperino: sergioprosp
sarah: s.aframian
Monica Lucero-Burd: luceroburd
Lisa Shepherd de Castro: ldec1008
Trish: swatma5
Claudia Taranto: claudia_taranto
jillian mauro: jillybillybeans.13
AndrewJohnMilano: a.jmilano
emma: emmaricher
: daniellesara31
: carolynlinett
Merrie Satran: merrienotmary
• emma •: emmadolgin
bianca: bianca_santucci
Wendy Ahn: ahnkehoe
Cicci Culotta: cicciculotta
Jennifer Horowitz: jjhorowitz
Donna Morrison: donnamorrison11
caro!!: caro1inecollins
E L L A: ellakluger
Amanda: aamanda_lovee
Dylan Zednik: dylanzednik
Hayley Satran: hay.satran
luca culotta: lucaculotta13
Pat Evans Cowan: cowan_pat
Ian Horowitz: horowitz.ian
J • E • S • S: jesssgordonn
brooke: brookeisola
michelle ho: michelleh1521
Stacy Turbowitz Thompson: stacyleet
jl: jacksonlichtman
Richard Cho: rcho140.6
em: em.file
Veronica: veronicamingoia
Kathleen Griffin: khenrygriff
LAYLA: laylacarterrr
Jay: jayden.larregue
Neel Raut: raut_neel
Erum: erumkhadi
sari: sari_linett
Dana Santucci: tucci527
mare: mariam.ach
arianna: ariannav101
Jessica Casper: j_casper22
smturck: smturck76
JG: jill.e.gluck
Max Zalvan: max_zalvan
Michelle Sherry Kiger: kigermichelle
Lachlan Cooleen: lachlan_cooleen
chris: chris.chenn
Heather Cantor: heatherccostabile
Brandon: brandonrispoli
Jennifer Sendek: jennifersendek
Erika Brodkin: erika_bottiglieri
Betty Ng-Beckler: bng88b
Maddy: madelynv_
Alex Kirshenbaum: akirshenbaum24
Justin Plank: justin.plank18
Jayden Amador: jamador__
Chad Ramer: cramer0822
Jarred Sturman: j_sturman16
Michael Calenda: mjc_823
: ksks534
: cvaream
: jaimeedeann
Michael Einhorn: michaeleinhorn
Luke Dennis: luke_dennis08
Tim Isola: tim.isola
Michael Casper: michaeljcasper
Green Wood Flowers: green_wood_flowers
Chuck Renz: chuckrenz
Chris Beard: cbeard_
rebecca kratz: _rebeccakratz
Josh Newman: newmtube
Matt Waterhouse: matt_water29
Cross Country / Track & Field: briarcliffxctf
Lucas Golovcsenko: lucas_golovcsenko
Briarcliff HS Class of 2022: bcliffstudentgov_22
Jeffrey Lichtman: jeffreylichtmanlaw2
Sean Andre: seanandre27
Sofia Choudhri: sofiachoudhri
: cocoddm
: redbearwildcat
Jennifer Kratz: kratz9609
Jessvenezia: jessvenezia
MF: mkf5445
Allison Weiss Haberman: allison.haberman
Max Heyman: max_heyman
: rax0417
Future Stars Summer Camps: futurestarssummercamps
Stephanie casper: caspersteph
Gabriella Datz Smith: gabriellasmith111
: wchypehouse
Nathan: nathan.golo
Ian Heyman: ian_heyman
