Followers:

KingRay: raymonfatiha
: shirley_jajati
Manya: manya.izkiyayeva
Jacqueline sued ashkenazie: jac_ash1
lauren: laurenkatri_
Marc Lessler: marc_lessler
Rachel Chaya: rachelchaya123
shayyyy: shaylasaeda
Benji Lin: lin.benji
david alias: davidaliy8
Sandra Lazar: sandralazar
eileen sutton: eileensutt
Sharon Chehebar: schehebar9
Raquel G: _raquelgindi
Sarah Levy: sarah.levy140
Michelle Baum: michellebaum__
Simon Lalo: simon.lalo
Joseph Dana: _joedana
elana: elanatilis
paul.yaz.: paul.yaz.1
sarah laniado: sarah_laniado
Racquel Garbulsky: racquel__garbulsky
Ronnie Benun: ronnieezrabenun
Vino: marvinebani
Ezra Kababieh: ezra.kababieh
Bayla Schimmel: bayla_schimmel
Chavi Feldman: chavs_1223
Daniella: daniella.friedman
Paulette Saada: paulette_saada
Nicole Abramson: nicoleabramson_
Eitan Gelb: eitan.gelb
Eitan Yehoshua: eitan_yehoshua113
HN>>>>: hnhomies
Shira: shiraguyy
Stephanie Tarrab: steph_t_31
Celia Jajati: celia_jajati
Tunie: tunieterzi24
Batya Khadideh: batya.kha
Ari Weingarten: ari_weingarten123
Max Shalom: maxshalom1
hanna: hannashasho_
Carla Zeitoune: carla.zeitounee
clara.: clara_kraiem
Eddie Hamway: eddiehamway
Jacqueline Halabi: jacquelinehalabi_
Roberta Safdie: roberta.safdie
Simona Pitterman: simona_pitterman
Richard Levi: richardlevi10
Shira Sharvit: ssharv
Betty Hidary: betty_hidary
Esther Esses: esther_esses
Rebecca: rebecca_ashkenazie
Yaakov Zerykier: yzerykier
Lily: _lilyhazan
Jaclyn Tobias: jactobias
Henry Esses: henryesses
David Sasson: dsasson_14
Julie Esses: julie__esses
Lilian Sanado: sanadolilian
Dina Goodman: _deegood
Marcy Franco: marcy0
Sarah Rose: mrsmarcus1
Leslie Menaged: leslie.menaged
Sylvia: sylviasaad1
Michlelet 11 graders!!: mich11campers
Alan Mehani: alan_mehani
Jakey Arakanchi: jakey_arakanchi34
Stephanie Dayan: steph.dayan
Oren Yeheskiel: oren_13
Ness Soffer: ness.soffer
Joe Waingort: joe_waingort
Flora Mamiye: floramamiye
Morris Tawil: morristawil04
Fortune: fortune.cohen
Steven Shamah: steven.shamah
Rivkah Lahav: r_lahav
Leo Rahmey: leorahmey
Lauren Zami: lauren_zami
: lynn_franco
Jack Dayan: jackdern1
Jacob Cohen: jcoh_
Debra Mizrahi: debra.miz
Grace Betesh: gracebetesh_
Sonia Lila Dweck: sonialiladweck
College Merch: marmos.art
Linda Abramson: lindaabramson_
Talya: talya__s
jenny saada: jenny.saada
colette: colette_chehova4
Ru: ruthyderzie_
JD: jacob_dweck
David Dayan: david.dayan4
Albert Srour: albertsrour_
Pauline Durzieh: paulinedurzieh
Ronnie Mizrachi: ronniemiz1117
KYHS Senior Decisions: kyhsdecisions2022
Daniel Shafar: daniel.shafar
victoria: vicshaddad
Liam Ohana: liam.ohana
Joseph izki: isufizki06
Usher Spira: usher_spira
Nelly.Mann12: nelly.mann12
Ness Hadef: ness_hadef
Norma Chazanoff: normachaz_
Ruby Abadi Kababieh: rubykrules
: lynn_pichotto
Rachel Katri: rachelkatri_
Isaac Soffer: isaac_soffer
Lorrainekassab: lorrainekassab1
Ruby: rubyd21
Marco Levy: marcolevy_
Mich: mich_mich7654
Sandy: sandybernstein_
rena: renaangel2
: orlyeskenazy
Josh Shamah: josh.shamah
Isaac Esqua: isaac_esquenazi
: ezra_golan
Robin Ades: robinades1
Abby Madeb: abigailmadeb
emily suad: emily_suad
Alex Zemmol: alexzemmol_
Isaac Kroub: isaac.kroub
Joyce Haddad: joycehaddad
Tyler Davidovich: tyler78900
Shelly Matsas: shelly.matsas
Sophia Salem: sophiarsalem
Ellen Ades: ellen_ades
MOBANI: morris_hasbani
: rambamdecisions2022
Aimee Cohen: aimcoh
Celine Halabi: celineha22
Esty Alhakim: estyalhakim
Sharyn Marcos: sharynmarcos
Katie Sarah: katiemamiye
Norman Levy: normanjlevy
Hanna Mishan: hanna.mishan
Ezra Beyda: ezra_beyda
Noyah Sheb: noyahsheb
Stacey: stacey_gelber
Sammy W: sammyweinwurzel
Joe D Gindi: joedgindi1
: jack__.gindi
Sab: sabrina.aini
MTA Decisions 2022: mtadecisions2022
Jacqueline: jacquelineromano_
Danny Hanan: danny_hanan
Joseph Khalili: jojo.khalili
Vbawabeh12: vbawabeh12
Jennifer Oved: jennifer.oved
Julia beyda: juliabeyda_
Marilyn Ashkenazi: ashkenazimarilyn
: lydia.mouhadeb
Molly Shiloach: mollyshiloach
Elliot Soffer: elliotsoffer
Marcelle Setton: marcelle.setton
Gabby: gabby.ojalvo
Norma Mattout: normamattout
Vivian Chaya: vivian.chaya
Mim: mimishalam
Robin Cohen: __robincohen
Barbi’s Blankets: barbisblankets
linda gadeloff: lindagadeloff_
Lynn dweck: _lynndweck
Nathan: nathansidaoui
suzanne mosseri: suzannemosseri
Pircha Khadideh: pircha_khadideh
Sari Kassin: sarikassin_
Littlems.chef: littlems.chef
Linda Benun: the_linben
Lillian Mosseri: lill_mosseri
Joe Kishk: joekishk
: tuniehanan
: joey_nawlo
Bella Soudry: bellasoudry
stevenbenun: stevenbenun123
Grace Madeb: gmadeb.05
Sylvia Ebrahimoff: sylvia.ebrahimoff
Leor Yazdi: the_overworked_student
: sollyk89
Jake Laniado: jakelan89
Grace Lauren: grace.hidary
Joshua Hidary: josh_hidary
Morris A. Hanan: mohan.29
Estelle Setton: estelle_setton
Yvette Haddad: yvettehaddad_
Serena Cooper ™: serenacoop_
Eli Durz: eli_durz
Bobby Shrem: bobb1109
Teera Lynn Ades: tadesgirl123
Malka Kalimi: malkss03
Class of 2022: yulagirlsdecisions22
Jakey Botton: jakeybotton
Ray: raymond.greenberg
Esther E Sabbagh: esthersabbagh_
MAIMO 2022 DECISIONS!!: maimo2022decisions
Celine Kameo: celinekameo
Ezra Katash: ezrakatash
