Followers:

Stephen Marshall: picsofbrick89
Jaden Kamen: jaden.kamen
Mitchell Dmitrievich Litvinov: mijaeldmitrievich
Larry Dachslager: ldachslager
Colton Deutsch: colton_deutsch
Aidan Dunlap: aidn1
Justin Silver: jsilver33
David Cohen: davioco
Adina Traub: adina.traub
Adrian Weiss: weiss.adriann
Maxwell Diamond: maxwell_diamond21
Pancake: pancakethepointer
Jared Pomerantz: jpomerantz622
Charlie Rosenblum: crosenb26
Jen Shamah: shamahjen
Eylam Tagor: eylamtagor
Brad Selsberg: bradselsberg
Natalie Weinberg: bank.natalie
Nicole: ccoleyyy
CeilingzFan: ceilingzfan
Ori Zach: orizach18
Alon Barazani: alon.barazani
Asher Waker: asherwaker
Ariela Lola: arielalola
Carly Fleck: carlyfleck_fellow
Max: rosenbloommax
Aiden Ross: aidenjacobross
Nate Dumtschin: natedogs13
Mason Gross: mas0n12
Rabbi Denise L. Eger: rabbideniseeger
Zane Prince: zane__prince
Jared Orkin: jared.orkin
Daphna Blick: daphna.blick8
Drew Greenberg: dgreenberg20
Annie Abramowitz: annieabram_
Zach Bernstein: zach_bernstein_
Chloe Fallek: chloe_fallek
Iona Maria Grace: ionagrace9
Clayton Aptekar: captekar
Jack Newman: cactus.jack03
Yadin Jadyn C: yadin_j.c
Rachel: rach.lobster
Samantha Simon: samantha_simon1
Jacob Yarvis: jacobyarvis
Maxwell Edelheit: madmax750
Sydney: sydneymarmurek
Jacob Fridakis: jacobfridakis
Jacob Guss: jsguzzy
Brett Myers: brett4free
Doron (duh-rone): doronped
Ethan Weingart: ethanweingart2
Yosef: yl.009
alessandra judaken: alessandrajudaken
UNT Hillel: unthillel
Jacob Sanders: _jacobs19
Zachary Oltman: thedoodlewamboodle
Elan Silberlicht: elans_13
Matt Spruchman: mattster1134
Shmuel Polin: shmuelpolin
