Linus Ringstad: linus.rings
Jack Calicchio: jack_calicchio
Kyle Francavilla: kyle_francavilla
Lily Peterson: lilycpeterson
Ainara: ainaraschubebarriola99
carissa pecchia: carissa.pecchia
abby: abbyyholtman
nicolette capparelli: nikki_capparelli
kieraa :): kiera_ronan
nicole: _nicolemartorano
Isaac Harris: isaac.harris04
Brooke: brookeledonnne
Moises Tejeida: moisesthe101
Stefano Maffei: stef_maffei13
Eliot Mascles: eliot_mascles
Ben Taffet: b.taffet31
Joe Leone: joe.leone_
chantal: chantallmerino
daniella lori: daniellalori_
Jack Edwards: jedwards_27
Abigail Flynn: aboooo071
naomi acosta: naomibye
Andrew Glener: andrew_glener
saniyah: bigirlwiinter
Matthew: matthew_pereira1688
Sam Dalsimer: sdalsimer4
Peter nicholas: ptopolis
James Paul: james2paul_
dani schneider: danimadison_
Diana Micalizzi: diana.micalizzi
shae: shae.cunningham
Amadea Toutoungis: amadea_toutoungis
Chritian Dakoonya: mechritian
Kathleen Moran: kathleen.moran.ronan
College Merch: marmos.art
Maelle Aubry: aubrymaelle
Giovanni: giogerardi74
marianna <3: mari.defeo
abigael: abbeyheaton
Charlie: charlie_ab123
ava liebmann: ava.grace77
Alek Paterson: alek_xabier
Kaitlyn R: kaitlynrodriguez29
Luke McNiff: lukefmcniff
avi: _a12vi
Ollie: thejuicyjuice23
Nick Esposito: nick_espo_13969
John W: jquad62
Noah Vienne: nvienne17
Cole Richards: cole_richards4
Dillon Nashelsky: d_nash46
jack: _jackielynch_
Abbyy: abbyaandrade
Luis Tito: luistito_04
Jav: javaierr
Henry Robertson: henryrobertson5604
Florence Luca Taylor: florenceisgrateful
olivia taylor: livttaylorr
: juliafloodd
dalia: dalia.rabanales
Alícia Greco: leecygreco
Hanna: hsdispos
Nicholas Murphy: nicholasmurphy8
Sophia Muller: sophiamullerr
: rnpromposals22
Debra Julian: debrajulian
Patricia Flanagan: pat_e_flanagan
nathaniel findlay: nnnfindlay
Hanna Stöckhert: hanna.stoeckhert
cora radulovic: corajradulovic
Liam: liam.saltus
Josh Rubin: josh.rubin_5
Diana Reyes: _dianareyes03
liv: liv_tobin
Armandine Le Bertre: armandine_lebtre
Timothy WaNg: gotugud
emelin: emelin_echeverria
Ethan Felenstein: ez_felly
ryan: rcantu_18
juliana: juliana_lori
katie blanch: katieblanch_
Ava Tunno: avatunno
Jake Bransfield: jake_bransfield
DanielRossi: danielmarcusrossi
mdf <3: missmaridef
Olivia Farassat: oliviafarassat
Adrian Martinez: adri_mart12
mona: monateo2001
RyeNeck Varsity Cheerleading: ryeneckchr
lily mansell: lilymansell_
Stefan Thewes: stefan_thewes
: danielabecerrax
caroline mccallion: caroline_mccall_
: chris_thewes
emma young: emmayoun.g
Liv: olivia_auffarth
Nicky Apicella: nickyapicella
RNHS Students for Refugees: rnhs.sfr
Chase Delarosa: chase._.delarosa
Emily Guzman Abreu: emania1210
Daniel Ajram: dannyajram
Daniela Denaro: denaro_daniela
Andrew Showers: andrewdshowers
jackiethewes: jackiet1125
Mind Your Mind Club RNHS: mindyourmind_rnhs
vijendra kumar: vijendra1999meena
