Followers:

Paula Etinger: paula_etinger
: greenhaw_emily
Vanessa Lahrkamp: vanessalahrkamp
Caroline Mayer: carolinemayerr
Sean Yu: seanyu_04
ava perota: avaperota
Carys Samos: caryssamos
Alex Yeh: alexyeh_
Katie: katiecostigann
Touella: touellafitz
Fed: federicoetinger
: garnet_whiteboards
Meeyoung Yoon: meeyoon2018
Caleb Kaufman: calebcsk8
Jeren: bipools_cg
Morgan Puzzuoli: morgspuzz
Luna: lunascope238
Mkalkut: mkalkut1
Rafferty McSweeney: rafferty.mcsweeney
lyla keenan: lylakeenan11
Natalia Román: nataliarroman
Jack Murphy: jackmurph5
mackenzie sheridan: mackenzieesheridan
Alex Heldman: heldman_alex
greta lleshaj: gretalleshaj
ayri: ayriannaweston
hgm: hannah.mcgovern_
Malena: malenasantia7
Clyde Press: clydepress
Fiona Degnan: f.degnan
emily: emiilyeckerson
Jack Margiloff: jmargiloff4
isabel harvey: isabelharvey10
claire killian: claire__jpg
Jack Buttigieg: jackbuttigieg_
Claire Labovitz: clairelabovitz_
Christian Ellis: _christianellis
jamie regan!: jamieregann
Tino Sculti: tino_maybe
thomas: twvanneck
Vincent Mandracchia: vincemand
Aarav Yadav: aarav.yadav16
Kevin Keane: _kevinkeane_
Jack McRedmond: jackmcred
Henry Field: henry_field13
Philip Seidell: philip_seidell_
Chloe Nacson-Schechter: chloe.ns
Peter Nemeth: peternem8
: timdesmond_
Karen Morrissey Brennan: brennanmorrissey
Savanna Harvey: _savannaharvey_
Jack: jack_childs.23
Hailey Ryan: haileyryan3
Keith Miller: soggygranolabar
Dawn Pineault: dawnpineault
Drew Burnham: drewburnhamm
Vanina Bousquet: vani_catanei
Delia Bajuk: deliabajuk
Agnes Fravola: agnesfravola
Sofia Cabrera: sofiac73
Nicole Dellicolli: nicole_dellicolli
Lavinia Sutherland: laviniasutherland_
Sam Mead: smead621
Michael Lavelle: michael_lavelle22
Nick Rosenstadt: nick_rosenstadt
jess: jessica_mehrara
Jon Rodriguez: hotrod2262
ashley kessner: ashleykessner_
Jacqueline Muoio Mazzilli: jackiemazzilli
Kyle Simandl: kylesimandl
Jack Acciavatti: jackacciavatti_13
Kate Seitz: kateseiitz
Matteo Balentine: matteo_balen
Ava Drago: dragoava_25
Jack Brennan: jackbrennan2552
Nick McGuire: nickmcguire_
Reece Dorfman: reecedorfman
Sean O’Donnell: sean_._odonnell
Amelia Ahrens: 20aea03
Monica Macarie: monic_ker.m
Geoffrey Lien: its__geef
Brandon Abbondanza: brandonabbondanza36
Lilah Larsen: lilahlarsen
Nicky: _nickyregan
Melissa Hambly Scollans: scollansmelissa
Despina: despinasfiris
Cal McLoughlin: calmcloughlin18
mia pags: miapags_
Ryan Kovacs: ryankovacs11
Zoe: zoe.dempster
Nicole Rodriguez: nicolesrod
Ryan: ryan_wyckoff22
Steve Abbott: steve_abbott_14
Dev: devanpatel83
leah zion: leahziion
Sammy Tambe: sammy.tambe
Carter Barford: carterbarford22
Gretchen Angelich: gretchen_a_
Matt Ulicny: matt.ulicny
Jack Formon: jackformon
Evan Caffrey: evancaffrey8
soph: sophiecumming
Keira Baden: keirabaden
Cameron Vahabzadeh: cameronvahabz
Philip Hovers: philip.hovers
Elizabeth Murno: elizabethmurno
Jackson Fowle: jacksonfowle
Kathy O'Connor: kathy__oc
Davis Goodman: davisgoodman1
Cliona Cronin: clionacronin
Thomas: m__ooney
Maria Richardson: maria_rich321
logan brady: loganbrady12
Hannah Bertisch: hannahbertisch
mia bleu: miaawaldman
Lucy Adelson: lucya702
Rachel Mehler: rachel.mehler
Sam Johnson: snjohnson542
Lauren Mehrara: laurenmehrara
Audrey: audreyporter_
Josefina Garrido Gonzalez: j0s3f1n9
Kashawn Huguley: ssg_huguley
Sophie <3: sophie.molitor
Stacy Bozek: bozekstacy
Lainey Noga: laineynoga
Ryan McEnroe: ryan.mcenroe22
Kelsey Walsh: kelseywalsh21
Will Fairhurst: willfairhurst_
Andrew Chang: andrew__changg
Emily Saurack: emily_saurack
sophia hofmann: sophiahofmann_
Izzy: isabella_cardino
Sandra Mayer: sandy_mayer08
Mason McComb: masonmccomb
MOLLY: mollyriichardson
“Emma”: emmakellywalsh
mary sack: _marysack
Tara Panagos: tarapanagos
Sofia Montagna: montagna_sofia
Rand Luthringer: randluthringer
Michele Hedges: michelehedges_
jane chai: jjanechai
Aidan Cunningham: aidan__cunningham
Luke: lukegoldszer2
cam: cameronbibas
Grace: gracekatherineo
Hailey Thompson: hailey_mae1
TayTay: _taytay_._
Tommy Sulliman: tommygirl15
Thiago Opp. V. Oliveira: thiagooppermann
Roméo Malta: romeo.giuliano6
Kristi Nolte: kristinolte
Cam Holler: hollercam
Laur: laurennsalomon
HADLEY BERNARDI: hadleybernardi
Charlotte Macdonald: cmacdonald20
Brendan O’Byrne: bobyrne013
John Sterkaj: john.sterkaj
ERIN DEL GUERCIO: erin_delguercio
Della Goodman: dellagoodmann
Rafay Syed: rafay_syed3
KES: katherineschultz_
Sonia Hounsell: stl004
Lilibet Kirwan Chapman: lilibet_kirwan_chapman
Hilda Franco: hildaestherfrancomora
Caleb Wexler: calebwexler
Kevin Curran: kevin_curran88
kendall scansaroli: kendallscans
Wendy Sheldon: wendyrsheldon
: selimpirinccioglu
Charlie Howard: c_howard4986
nick renza: nick_renza
Ellen McSweeney: emcsween
Teddy Berkery: teddyberkery
Jules: julietttestone
Ryan Becton: ryan.becton
Sammy: sammyaskin23
Declan Quirke: declanquirke_
Madeleine Larzul: madeleinelarzul
Grant: granthounsell
Jack Emerson: _jackemerson_
Juliet Smith: juliet.smith04
autumn: autumnsculti
Delia Fuchs: deliafuchss
Tommaso Grani: tommasograni5
: reillytraynor
Noah: noahbirdd_
ANNIE HOWARD: anniiehoward
Ryan Surhoff: ryan.surhoff.22
JULIANNE WANG: juliannewangg
Tillman Ball: tillman_ball_
LILY O’Connor: lilyoconnorrr
Sophia Thomure: sr.thomure
gloria: gloriaamustafa
Felix Nusbaum: felixnusbaum
Bryce Hogan: brycehogan4
Jake Kessner: jake_kessner
: rowanahrens
Will Brennan: wbrennan_
bitch, its like jewzie vert: liljewzieevert
Chris Park: therealandofficialchrispark
Caren Kurtz Goodman: carkurtz
: meeganbrennan
cal: callieradtke
Clara Sacristan: sacristanclara
Katie Arquit: katiearquit
Jackson Leahy: jacksonleahy10
Charlotte Ausfahl: causfahl
Teresa Garate: teresaagarate
Shay Ott: shayshayott
kiara: kiaraknott_
Clare: clareverille
T Dore: td.343
Rye Meme Team: garnetmemeteam
Aidan Petriella: apax9
lou: louisebjornbom
Rye High School Parking: garnetparking
Ellie Hedges: elliiehedges
Lente Smits: lentesmits
John Ulicny: johnulicny
Thomas Karm: tkarm99
James Surak: _surak_
Cate Porter: cateportersmith
Michael Desmond: mikedesmond_
Sue Dickson: go_blue_sue_
julie maria: juliehoversss
Cara: carapuzzuoli
: willrupp
Claudia Patricia Cardenas: claudiapcardenas
Daniel Roberts: danroberts4_
jack: jackmainiero
Owen Kovacs: owen_kovacs14
penelope peters: penelopempeters
Patrick Myers: _patrick_myers
grace schrock: graceschrockk
Kieran Hickey: kieranhickey_
montse: montserrattbarajas
liv: oliviaerobinsonn
Alyson Richards Walsh: alyson.r.walsh
CEW: catheriinewilliams
Beau Whaling: beauwhalingg
Cole Bartlett: colebartlett_
: mbertisch
Maren: m_wydra
Eric Lynch: eric__lynch
Alex Tepedino: alex_tepedino44
bea: beatricelarzul
bailey goodman: baileyygoodman
Saige Connelly: saigeconnelly_
becca <3: notbxcca
ella: ellabuckleyy
cate: caitlinwexler
alence: _alencezion
: jimregs
Lente: lentegeelen
Meni Thomas: meniithomas
Jodi Goldstein Press: jodipress
ava mitchell: avacmitchell
: hartzelljsr
Foster Richardson: fosterrichardson2222
Ferris lachman: ferris190
Bella: bellamazzilli
Dyl: dylanbunder_
em: emilymoloneyy
Lilly Whaling: lillywhaling
Anabelle Thomas: anabelle.thomas
Caden Whaling: cadenwhaling
Amy Brennan | Designer: elledesigngroup
: megnferris
Kate Madigan: westchestermommy
Anthony Bizzoco: anthonybizzoco01
Devon O’Donnell: devonnodonnell
RHS School Counseling: rhs_schoolcounseling
lily: lilyyymann
Johnny Hartzell: jrhartzell_44
Stefanie: stefanie_d_k
Patrick Moran: patrickmoran19
Eddie: luka_couffaine_wannabe
bocm21: bocm21
Chloe Whittington: chloe.whittington
: alanchebb
Melinda Ewing Andrade: melindaandrade1
: rhsoverheard
Lilly: grey_lilly23
Jonathan Rodriguez: hotrod_62_
RHSInstaPages: rhsinstapages
E: queen.thrifted
