Harry: harry_hlw
: georgia.fuller25
Matthew Liu: 26matthewliu
ian dalrymple: ian_dalrymple_
Jake Melley: jake_melley
Courtenay Sands: courtycsands
Jared Orkin: jared.orkin
Adrian Lutgen: adrian_lutgen
Adam Lai: adam__lai
Varun Trivedi: varuntrivedi03
Lars Ochs: lars.ochs
Jonathan Yin: jonathan._.yin
gingers_of_stmarks: gingers_of_stmarks
matt :D: wafflepig31
Aimee Whitaker: aimewhitaker
Thomas Philip: thomasphilip22
Arush Adabala: arush_adabala
James: jthen117
Yoyo Yuan: yoyoyo_yuan
Claire Z: z.claire202
Christian Warner: christianwarnerrr
lauren chon :): milos_umma
Jenny Wang: jennywang2162
Hanna~: hannazhang4
Asher Yoffe: asheryoffe
Aaron G: ajgreenie19
Rana: ranathakkar
Akul Mittal: akulm_25
Shaan Mehta: shaan__mehta
Stephanie Baker: stephanie_baker2
Justin Tong: justintong2005
Shafa Hussain: shafa12141
Sebastian Kiehn: sebastian._.kiehn
Ralph Steele: ralph_steele03
Alex Barrett: alex_barrett7
Bennett Alger: bennett__alger
SaiVishnu Thirunagari: sai.thirunagari
Samir Mamtani: samir.mamtani.2022
Ryan Bowles: teambowles
Max Chuang: max_chuang22
Aditya Pulipaka: adipu24
Stefan: _stefanmoreno
David gershenson: dmgersh25
Ekansh Tambe: ek.tambe
victoria: victoriaxxli
Zayn: daily_bass_and_treble
Owen Goldberg: owengoldberg
Helen Jiang: helenjiangusa
Fox: foxgottlich
Will Pechersky: willpechersky
Nicholas Koch: nich_koch
Romil Mathur: romilmathur
Josh Mysoré: josh_mysore
beto beveridge III: betobeveridge
Robyn Franklin Neuhoff: robynneuhoff
Arnav Lahoti: arnav_lahoti24
Parker Steinbrueck: parker_steinbrueck
Charlie Hill: charliehill71
Thomas Whitehurst: thomaswhitehurst_
Anish Guddati: anish_guddati
Keila Martin: amykmart14
Henry Baxter: henry_baxter04
Shannon Saalfield Thompson: shannonsaalfieldthompson
Brett Honaker: bahonaker
Sumana: sumanakethu
Max Vafa: mxvafa
Zack Goforth: zackgoback
hayward metcalf: hayward_metcalf
ellawillams: ellawllams
Samuel Posten: samuel_posten
Cal Graham: calgraham_
Sky Park: skypark15
bryce: brycenivet
Daniel Uglunts: daniel_uglunts
Asher: asher_babilla
Darren: xi.darren
Jennifer Gordy: jenniferpgordy
OtisMoose: otismoose98
Elijah Baker: elijahbaker13
Anashay Monga: anashaymonga
Shikha Sethi: rajfamily
Matthew Shen: meefuisgood
Bobby Strauss: bobbystrauss44
Zach Lightfoot: zalightfoot
Lisa: lswarren13
Raad Nino: awesomeagle201
Neha Modi: nehamomma
Liam Seaward: notliamseaward
Siddhi Bansal: siddhi.bansal
Samuel Wu: 2blu5u
Grant Jackson: _grantjackson
Luke: _lukemartin14
sophia: sxphiali
: r8j.pap
Kristi Kay Estes: elemhen5
diya: hegde.diya
Danielle Maxfield Clayton: petuniamom77
James Singhal: jamessinghal22
Matthew Fan: matthewfan2
Tiffany Borlaug Rubi: tiffany.b.rubi
Kimberly Fahrenbrook Rich: kfrich2017
Jordan: _jstock_
Rex Corey: rexcorey32
colin peck: colinpeck214
allison: allisonjyang
Zach O: z_olyan18
Sammy Larkin: sammylarkin23
Kit: kit_colson
Xander Bowles: xander.bowles
Candace Swango: candaceswango
Jordan Envani: jordi___57
George Warren: gfwarren4
Jeremy Yu: jeremyyu04
Bryan Graham: bryan_graham_
Ross Cunningham: ross_cunningham23
Luke Annett: lukeannett_
Tammi Mincemoyer Williams: tammiwilliams7230
Evan Lai: greendog2121
kathryn b sands: katzbsands
Will Clifford: will_clifford_07
Henry Nichols: henry__nichols
Will Shoup: will.shoup
Fisayo Omonije: fisayoomonije
Rahul Gunukula: rahulgunukula
Noah: noah_soliz
Kathleen Beck: kathleenbeck_
adi s: byogaman
Desiree Delullo: desiree_delullo
Lawrence: lawrence.gardner_
Andrea O Norman: andiold
Lori Shannon Glowacki: lorishannonglowacki
Tommy Zheng: _tommyzheng_
Kaden: kadenn13
Benjamin Erwin: cowboy_ben_52
sam light: saml1ght
Anne Gomez: wanggomez
Fran Holley: fran_thompson_holley
Ahsan: a.h.s.a.n.n
Logan Johnson: loganjohnson3
Stephen Fitzpatrick: fitztcu
Cristian Pereira: cristianpereira_21
Charlie Gordy: charlie.gordy
austin: avstinwilliams
Manushi Khasgiwala: manushikhasgiwala
murph: mvrphypaul
Bryce Smith: dakidbryce
Cole Norman: colenorman4
Cate with a C: goalia0407
Carlota Fedorko: carlotafedorko
Lukas: lukasapalys
Pranay Sinkre: pranay_sinkre
Davis Yoo: davis__________________
Jake Park: jake_.park
Debbie R: kebanna
Blake Backes: blake_backes
Mac: mac__mckenzie
Luke Laczkowski: luke_latch
: missy.mcc
Erin Foley Schuhmacher: eschuhmacher
Richard Honaker: honakerrichard
Paul Valois: paulhxnrii_
John Householder: john_h2025
Austin Dunbar: austindunbar2025
Dolores: doloresdpaul
Andrea Ku: kublumd
Roome Becker: rcbtx
N Andrew Elliott: nandrewelliott
Calvin Yates: calvin________yates__1
Cassie Liu: cassie.liu_
Heather Molthan: heathermolthan
Jedidiah Kim: jedikim22
Jeff Malonson: jeffmalonson
Jake Robinowitz: jakerobinowitz
maddie stout: maddie.g.stout
bijaan: its_the.real.bijaanan
Sienna Ellis: sienna_ellis_
Xueru Ni: xni1983
Charlie Clark: charlieclark28
Drake Elliott: drake.elliott
Hudson Bloom: hudson_bloom
KG!!!!!!: kgestess
Camden Reeves: camden.reeves
Joe Lofgren: joelofgren12
Zack Stone: zack.stone11
Zoheb Khan: zo.heb
Xiaopeng Li: lixp9900
Julie Williams Pechersky: juliepechersky
Brock Williams: dbrockw
Johnny Tags: john.tagtmeier
Anjlica Dattatreya: anjlicadattatreya
Lee-Ann Sanger Graham: leedash
Blake Estess: bhestess
MARGO: margowashburne
James: james.fults
Preeta Monga: pgmonga
Sahil Dodda: sahil_dodda
Bella Akhtar: isabellaakhtar
Bowden Slates: bowdenslates
Owen Simon: owenlsimon
Zane: zane.wallace
Nathaniel Fisher: nathanielfisher7
Alex Nadalini: alex_nadalini
ANNE RUBI: anne.rubi
Laura: laurasinger5555
Sarita Telukunta: sidsarita
avery vafa: avery.vafa
Mai Tran: maitran6683
Rapha Mitterer-Claudet: _raphamc
Alenda Omonije: omonijea
Greg McGowan: gmcgo
: katelyn.hanna25
Sumana Gangi: sumanagangi
Michelle Mize: michellem1234
Will Chance: willchance_
: tammy.lightfoot
Gautam Thakkar: gthacks
Kristin Rees: kristinhrees
Kellilyn Alkek Dropkin: kldrop
Leigh Koch: leighkoch
Amy Albers Laczkowski: aalaczkowski
Dylan Osimetha: dylanosimetha
Kate Gillikin: kategillikin
Kathy: kathy_yan16
Lili: lilibeck
Canan Ebert: cananebert
Sal Abbasi: sal.abbasi
kk swango: kkswango_
Jake Laufenberg: jake.laufenberg
Grace & Sal Mier/Grammy & Papa: grammy_and_papa
Corvin Oprea: corvinoprea
ethan xavier: ethanxavier_
HRH9: hrks9
Carol Goglia: teamgoglia
Elijah Ellis: elijah_f_ellis
Gabby: gabriella_rees
Melanie Kimball Charest: melaniekcharest
Jennifer Jordan: jjordan715
peter orsak: peterorsak
Sepi: ssnaficy
Evan McGowan: evan_mcgowan
Catherine Cole: catherinegcole
Dan Kelly: dan.jkelly
el: eleanorlockhart
Stephanie Moore: stephaniemoore9999
Dana McGowan: danabmcgowan
Catherine Cole: catherinecole.broker
Bex: rebeccabw
Rachel Ladin: rachelladin
Ally Abbasi: allyabbasi
Tate Laczkowski: tatelacz
Angela Winterle: angelawinterle
blake molthan: blake_molthan
Donglin Chen: donglinchn
: jackdegroote
Brenda Mandeville Then: danemomof2
arjun_agarwal: arjun.a101
Libby Hill: libbbyhill
Gayle Goldman Johansen: gaylejohansen
C O O P E R C O L E: cooperc0le
Jimmy Francis: jimmy.francis_4
Helen Steele Bowles: helensteelebowles
Cassandra Maddox: cassandramaddox2
Gabby Barnett: ggabbybarnett
Henry Schechter: sheckmojr
Heidi Hill: hillhhh
: radhika_zaveri
Kim Kelly: kdkelly825
Christie Landreaux Cahoon: christielandreaux
Nicole Householder: nhouseholder777
Brian Householder: householderbrian
Lisa Gardner: warriorgardner
Greenhill Class of 2022!: greenhill2022
Jonathan Morgan: jb_morgan
Mamta Mehta: mamtazmehta
Jake Cuban: jake_cuban
Jackson Fair: fair_jackson
: pecmcl
Cindy: ccstager
kevin dilworth: momentofpower74
Grayson: graysonredmond
Tiffany Stewart: cubanfamily
Prasad Dodda: prasad.dodda.10
Layne Walters: laynewalters1
Hudson Brown: hudsonbrown_photography
Gail Soliz: ma_ma_gail
Margie Nussbaumer: margienuss
Emily Estes: emilyestes22
Hugh Bonnette: hughbonnette_
Conor Duffy: conordvffy
: maekreeves
Amy Andreasen Ochs: aeochs
Dotti Singhal: dgsinghal
Brad Shoup: bcshoup
S o n a l i K h a t t i: sonali_khatti
victoria: victoriahart__
Laurie Otto: laurieotto999
Catie Enrico: cbenrico
Dipali Kapoor: dkapoor
Shruti Sharma Tambe: shruti_sharma_tambe
Erica Simon: oskitx
Blake Malouf: blake_malouf45
Neel: neelshenoy25
Jack Bickel: jackbickel3
Aparna Mankodi Crosnoe: amcrosnoe
Chris Barrett: crbarrett13
Kimberly Haley-Coleman: kimboglobeaware
Class of 2022: highlandpark2022
GayMarie Vaughan: gmwvaughan
Janet Gridley: janetgridley
chrisy: chrisypack
: malonsonjeff
Hayden Stager: haydenstager123
Rich: richp214
M: scooter4920
: gr8st1
Jackson Lutz: jackson_lutz18
: beauharbour
lea: leawhitley
Peter Han: peter.han.378
Aileen Tian: attian39
Samathan: samreitich
: van.chenl
Ekansh Tambe: ekt_photos
Traci Langley Clancy: traci_clancy
Colton Wheatley: coltonwheatley
Kinkaid 2022 Seniors: kinkaidseniors2022
Joann Shen: joann.shen.7
Santiago Diaz: santiagoidiazz
lilith: cofls.dl
Avery Pearson: averypearson146
Henry Boykin: henry_boykin
Evan: evan.andro7
CharlotteMax/Michelle Lockhart: charlottemaxdesigns
Jesuit Seniors 2022: jesuitseniors2022
St. Mark’s Super Fan Men: superfanmen
Zubin Mehta: zubinmehta_interviews
Rashmi Mankodi: rcmankodi
David Schechter: sheckmo
ESD Class of 2022: esd22seniors
claire tate: clairetate_
Joslyn Taylor: joslyntaylor
: daisydecisions2022
Hilung Huang: hilunghuang
Sanjay Khatti: sanjay.khatti.7
Alexis Cuban: alexiscuban
Linda Wang: lindawang7608
: _amisc
Vinay Tambe: vinaydtambe
SMU Sororities: smusororities
: morninglight06
Morgan Amy: morganamy260
