John McCarthy: john_mccarthy355
Daniella C: daniella_mc24
mia: mia.stanco
Rich Castellone: richcastellone
Virginia Spinella-Dronzek: spinelladronzek
Josephine D'ascoli-Liosi: josephine_alfred_091010
Evelyn McKeon Callaghan: _ev_cal_
Keith Carravone: carravonekeith
Peter: peter.mar4234
Bernadette Gaffney Lore: bernielore
Donatella Teti Mangione: donamang
Chris Arch: chrisarch43
Richard Giuffra: richyg04
katie: katiev_73
jen: jen.mcgibney
Emma Dougherty: emmadougherty
autumn: autumn_verna
ryan: ry4nackermann
Rosana Mirza Carravone: rosana821_
jenna: _jennafox
lynn cappa: lynn_cappa123
Theresa Kavanagh-Euvino: tme1027
Joanne Cervini Ferrari: ferrarij3
Lauren: lauren.sergeant
Samantha: saamantha.mariie
Savion Cherry: savion_c15
Lisa Cili: lisacili
Diana Jackette: dianajackette
jessica nicole: j_essicanm
Val: valrubio
Mike Spahr: 5ok_mike
Jack_neglia: jackneglia
layla: layla_ackermann
Pierce ;): pierce04a
Luan Celaj: luancelaj08
Alicia McCarvill: alicia.mccarvill
Lori Ferrara: lor_ferrara
Charlotte Catarina: char.catarina
Michael Lore: mikelore77
Matthew McClure: matthewmc62
alexandra: aliferrariii
sophie: sophiestemkowski
Eileen Mary: ekenn1970
: kristine_devito
Nicole Paternostro: nicole.paternostro21
Roseann: roe.alessy
Colin.Higham: colin.higham3
Owen: owenhegarty4
Wallace: wallacejefferson2012
Lindsey: lindseyyjade
Emma Finkel: emma_finkel172
MerissaP: merissapmnte
Gregory Liebowitz: gl2metsfan
Elise Stuetz :): elise.stuetz
Gianlu: gianlucar21
Andrew Park: xd_kenshi
Nickysee: nickc916
: matt_pippo
Katie Geraghty: katie.geraghtyy
krista: kristadronzek
Michael Straface: mikestraface_
skyler neal: skylerneall
Luka Sunjic: sunjic_luka
Lana Brown: lanaabrown
kathleen <3: kathleenrivello
Marsha Amchir Tchernikov: marsh.tcher
Julie Lomurno: julie_lomurno
Dan Lingeza: lingo2121
Phillip Tchernikov: phillip.tchernikov
grace griffin: gracee_griffinn
sarah: sarahhmccormack
Nicky Bauco: nbauco
Ryan Liebowitz: ryan.liebowitz
Shannon Riccio: shannonkr
bailey: baileyrod_
Jack Losito: jacklosito53
~Lathan~: lathan_irving
Connor Murphy: connor_murphy50
Christina Kelly: christinakelly8089
Johnnyv310: johnnyv310
Dylan Pray: dylanpray06
Nick Bedin: nick.bedin25
Aidan Pray: aidanpray
: tina_b20
lauren catherine abbate: lauren.abbate
MAGS1981: irish_gal1981
Eleanor: eleanor._dempsey
Eddie Olszewski: eddie.olszewski
Anastasia: anastasia.tcher
Sera Mishra: seramishy
: siena30
Daniele jaime: jaimemami
jaya ferraro: jaya.ferraro15
Alaura Hurdis: alaura3661
jordyn ®: jordyynkratz
DR: ddr70
JonPeter Fiorenza: jonpeter_fiorenza28
: elianabarnett
jennifer: jennstraface
Elian Alonzo: elian.alonzo.944
Thomas Maloney: tommymaloney__
Matt pierro: matt_pierro4322
sam: sammarinelli
Sam Delouise: sam_delouise_
Lorraine Fusaro: lorrainefusaro
Dean Williams: deanmw_
Julia: juliaahudd
Joe Margolis: joe.margolis
Nina Grosso: ninamgrosso
Isaiah Ortiz: isaiahortiz___
Billy Scaplehorn: billy.scaplehorn
Marina Joy: marinajoyk
Anthony Euvino: anteuvino
SOFIA TRADITO: sofiatradito
Mary: marefranand
Stephen Rush: srush275
Alex: alexandrahaag03
Brandon Martinez: brrandonnnn
Laura Mike: laura.m.olszewski
Danielle: danimichilli
mia: mialavv
Denise Liebowitz: denise_liebowitz
Matheus Louzada: _matheuslouzada_
Nicholas Puma: pumakat8
ERIN: _erinnnebel
Luka Bojovic: lukabojovic7
KELLY: kellyyandrewss
: _michaelpagan_
liz: lizlillyy
Mike: mike_mangione18
Alyssa Yuan: alyssa_2165
Michael Spahr: 5ok.bl.mike_
shaye :): shayeahern
Elisabeth Kramer: elisabethmkramer
Heather Tocci- Stemkowski: heatherstemkowski
Alyssa Finck: lyssfinck
Felicia: felicia_fiz
Janet: gaga_of_5
Emily: emilyy_salazar
Jillian Raguso: jillraguso
Abbey Martin: abbeyy_martinn
Cathy Cavazzini: cat_cavazzini15
johnny vasta: johnnyvasta
Alex Duque: alexxatthedisco
Martin Sunjic: _martinsunjic_
drea: adriannacmiel
Tommy: tommy.schutt
rbarnett922: rbarnett922
andrea: andreababichh
Gary Ederer: garyederer_5
aileen walsh: aileennnwalsh
marabel: marabeljaime
Stephen DiNapoli: sdinapoli16
Ryan: ryan._.ordonez
RCL: lcr_ny
Scar Fay: scarlettfeighan
Kristian: kristianshk
courtney rae: courtwillz
Pamela Fusaro: pbfusaro
Paul Fusaro: paulfusaro
Maddie Davis: maddiedavis17
kate: kateedavisss
Lisa Donahoe Schliman: lisas7522
Tara Ahern: tarala26
Luke: lukelosito
Mike Griffin: mikegriff_
Jacob: jacob_cruzmedranda
ky: kylielyden
Julia: juliamarie_xo
Morgan Leitch: morgan.leitch
Toni Williams: toniwilliams23
Thomas Giaccone: tgiaccone7
: yurr_1010
Maria Agosto: ilovemy4
: rberanger
t: tylerhoward___
Jake: jakemccarvill
Marie Leddy Davis: maried8484
Josh Gelman: joshgelman24
Isabella: bella_schliman
Humans of Westlake: humanssofwestlake
Westlake HS Class Of 2024: westlake_2024
: robbie_persico75
chris: chrisdellorso_
: _whsseniors
Westlake Players: westlakeplayers
Rosana Carravone: coolestmom21
