Filtered Followers:

adam altman: _adamaltman
David Adam: daadam04
Marianne Braverman: mariannebraverman
Nate Goldberg: nateggoldberg
Jessica Mirelman Freedman: jessief1115
Brian Solomon: briantheman3452
Hannah: hannah.lieberman
dayla: dayla.rosen
Charlie Goldberg: charliefgoldberg
Sam Wolfe: wolfey__thekidd423
Shai Lichtenfeld: shai.lichtenfeld35
Brett Karman: brettkarman_
Julia: julia.sanderman
Hope Feldman: hope.feldman
Ilana Schneck: ilana.schneck
Lainey: laineycohen04
marissa: m_liebs23
Reggie Schwartz: reggieschwartz_
Sam Lichtman: slichtman13
Daniel Leshtz: danielleshtz
Abby Zucker: abby.zucker
Lucy M: lucymillman
Genevieve Levinson: gclevinson
Jill Shapiro Rowe: jillerowe
Taylor Singerman: taylor.singerman
amelia giese: ameliabedelia128
Eli Leshtz: elileshtz
Zev Cherpak: zevcherpak
lyla!: lylagoldman
Emet Mandell: emetmandell
Natalie Cohen: __nataliecohen__
Aaron Donenberg: aaronjacobd
Billy Cohen: bcohen.4
Leah Perlman: l.perlman
Harper Brodsky: _harperbrodsky_
Katherine Schreiner: katherine.rose1215
Maxwell Rosenfeld: maxwell_rosenfeld
Jamie Gilberg Weiss: jgilbergweiss
quinn hinde-schuster: quinn.hindeschuster
noa rollman: noarollman
Aimee Lehman: aimee_lehman
Noah Glassberg: noahglassberg
Mara Lishanskiy: maralishanskiy
Shara: slieberman73
Kendall Berdelman: kendall.berdelman
Julie Elbaum: julie.elbaum
Cody Weiss: codyweissthroughthedecades_
Samantha Bernstein Strongin: sstrongin
Darren Gussis: darrengussis
Caryn Altman: carynaltman1
Nathan Spellberg: nspellberg
Haley Levin: hb_levin
Linzco: linzcohen
Daniel newman: dnewman17
Simon Glazer: simon_glazer
Ethan C.B.: ethan_charleboisberg
Stacy Winternitz: stacyw2
Zach R: zach_blatt
Jacob Altman: altman_jacob
Adam Abreu: ajabreu79
Sarah Winternitz: sarah_winternitz
Edyta Krzeczowski: edy.ski
Avi Rubin: avijrubin
Emma Kimbarovsky: emmakimbarovsky
stella!!: stellagottlieb_
Wendy Cain Moskovitz: wendymoskovitz
jillian mangione: jillian.mangione
Bella Diamond: bella.diamond6
lucy winter: lucywinter
maddie: maddiebravermann
Ari Goldberg: arigoldberg20
Dillon Freed: dillon.freed
Anna Stahlberger: anna_stahlberger
Leslie Zupnick Shapiro: leslieshapiro2
Paige Wiesman: paigewiesman
Donna Goodhart: donna_goodhart
Levi Velick: levi_velick
Theo Rollman: theorollman
samantha fishman: samantha.fishman
Ella Cohen: _ellacohenn
julia schwaeber: juliaschwaeber
Amanda: youra_gurl
Levi Goldberg: levigoldberg
ruby levy: rubylevyy
Jack Weinberg: jckwnbrg
kayla donenberg: kayladonenberg
Ayden Schwartz: aydenschwartz9
Kate Shapiro: kate_shaps
Wendy Emanuel Apple: gobears870
alyssa rosenfeld: alyssa_rosenfeld
Molly Miller: molly.miller826
Ossie Liberman Lichtenfeld: ossielicht
lexi schultz: _lexischultz
Ari: ahelfand52
randeenewman: randeenewman
ellie kulberg: elliekulberg
izzy schwartz: isabella.schwartz
Beth Silver Lowe: silverbeth27
Mspitz: spitz650
Jen Stahlberger: jenstahly19
Keller Westman: keller_westman
Jack Forman: jacktforman
Michael Siegel: michaelsiegel15
SYDNEY FEINBERG: sydney.feinberg
Jill Jacobson Leshtz: jleshtz
Rachel Fisher: rslfisher
Joel Spitz: joel_spitz
Rachel Glassman: rachel__leigh
hattie wagenius™: hattiebeman
Evan Lichtman: lichtmanevan
Sam Van Cleve: samvancleve012
Jenna Silverman: jenna.silverman
Dyl: dylangrossmann
Caydan Veltman: caydanveltman
Lisa Adelman Kaplan: lisa.a.kaplan.5
Ryan: rylevin_
Audrey Waltenburg: frankie_4_paw
Jackie Goldberg Meyer: jackiemeyer16
Abby Rudman: abby_rudman
shaya: shayaharris
Jeremy Schwab: jeremyschwabbb
Asher Goodman: ashergoodman_
Samantha Feinberg: sampeyton1
Will Ginsberg: will_ginsberg
Will Rubin: willrubin1
Jayson Shapiro: jaysonshapiro_
Evan: e.greenbaum22
Gregory Wallman: gwall_35
Erica Cohen: rickimarks
Adam Lelchuk: adamblels_life
Hannah Sanderman: hannahsanderman
Josh Shanberg: josh.shanberg
Henry: henry_eisenberg
charles Winternitz: charles.winternitz
AMY SIMON: amysimon2345
Ally Kovitz: allykovitz
Gabriel Spitz: g.spitz1
Anamaria Elejalde Cashman: anaecashman
Summer Rosenberg: summerosenberg
elle kimelman: ellianakimelman
Jonah Schwartz: jonah__schwartz
Dana Wallman: danawallman
Debbie Samson Zucker: deborahsamsonzucker
Chloe <3: chloshermann
EMMA FISHBEIN: emmafishh
Noah Bosarge: goodlifenoah
Lori Muskin Gordon: lorimuskingordon
maddie lieberman: maddielieberman
Julie Burstyn: julieburstyn
Samantha <3: samfiutak
rachel skye: rachelsweberr
rae cohen: rraecohen
Sandie Sable Kintz: sandrakintz
Melissa Forman: melforman
lisa: lisagoodmanhelfand
Gregg Kaminsky: greggkaminsky
Danielle Pritzker Perper: danielleperper
Moose the great: manoussothegreat
Susan Haimes: susanhaimes
Simon Cohen: simoncohen76
emily zimmerman: _emilyzimmerman
Eileen Rosenfeld: sharkeyrosenfeld
