Followers:

jennifer: jenniferaiii
Coby Stewart: stewart_coby
Sophia Wang: so_wyue
tova fink: tova.fink
Kayley Vu: kayleytvu
ana diaz: anadisz
lakshmi!: _lakshmi31_
Aryan Patel: aryanp_07
muskan dharani: muskandharani.1
Adith Gangalakunta: adithgang
Theodore Chen: theo.chen_
Asziana James MFxtrader: earnwith_azsianaj
Charvi Goyal: charvgoyal
Sara Salazar: sara_salazar27
Brianna Chan: briannachxn
Ananya Muralikumar: ananya.muralikumar
Yudi Sanchez: yudisan1
paige:): paigelizamcc
riona lee: rionaalee
Alanna Polyak: alanna_p_27
Rohin Kolankarai: rohin_kolankarai
maekayla effinger: maekaylaeffinger
Kush: patelkush21
Aashna Gautam: _aashnagautam_
Adam Lai: adam__lai
pratham shah: prathshah
Ananshi Patel: ananshipatel_
Gwendolyn Becker: gwenny.becker
Anvi Bajpai: _anvi.b_
Winnie Liu: winnie1iu
lauren: laurenmendiola_
arynn seo: arynnseo
angelina: angelina.ehara
Zachary Slotkin: zacharyslotkin
priyanka gupta: peepanka
Sam Palla: _sam_palla_
Aiyana Armstrong: aiyana.armstrong
Maanvi: maanvi_b
Anirudh Prasanna: anirudh.prasanna
Tishya Vadavala: tishya_vadavala
aashna: aashnapathi
Mithun Balasubramanian: iiaviator
Arie.Hu.8: arie_owl_88
Kruthi: kruthivancha
Vaani Bhagvath: vaanibhagvath
Ellen Lan: n.a.t.u.r.a.l.l.o.g
Reilly Robertson: reilly_robertson
lily everts: lilyeverts
Pranav P Naduvil: pranavp.naduvil
Rifa Gowani: rifa.gowani
Vivian Zhang: v.ivianzhang
simran ford: simran.ford
William Wu: william_woooooooo
Shashank Bhagavatula: shank_202
ahea mari: aheamari
Jay Namdhari: jay.namdhari
Ashritha Malkoochi: ashrithamalkoochi
meghna subramanium: meghnasubramanium
Kaustubh Sonawane: kaustubhsonawane78
Gabriela Rupp: _gabrielarupp_
Stacey Waide: stwaide_16
shivam: sh1vxm_
Ariel: arielschachter32
jaymini pandya: jaymini.pandya
Michaela Williams: mickey.h.w04
justin: justinjzhu
Aditi Anand: aditianand24
brady: bradyzeng_
Mara: maranguyen_
Yash Garg: yash.g__
Paige Sumner: ps_its_paige_18
Elizabeth Panzer Satz: epsatz
Aunnas: 2behonest___
Cole: cole.cross.25
sahaana: sahaana_29
Chakri: chalk_i_write
Dishita Shetty: dishita_shetty_
Grace :): grace_rigdon
Dani Kafka: daniellekafka
Emma Zhou: emmaizhou
: victsa0
Annecy Marsh: annecymarsh
Shardul Parthasarathy: _sourchutney_
charisse: charisseyiip
Rishi Niranjan: rishiniranjan1
Peter Tran: peter.tran12
luke: luke.matz
Nabil Sikora: nabillion6
aashika: aash.ika
rachel: r.achelvalente
Takuto Ban: takutob
Leia Jiang: leiarcherubiks
Neil Gupta: notneilgupta
Diya Dharani: diya.17_
Leonie Hung: le_o_niii_e______
Natalie Taibel: natalie_t2004
Anushka Hande: anushkaxhande
jordyn: jordynclementss
meeka: meekashrem
shannon lang: shannonainsleyy
emily: _emilyhu
Neha Paladugu: nehapaladugu
Michelle Ding: michelle.din9
Rakesh Venkat: rakesh__venkat
Nandha Gopi: nandhag29
David Messinger: david_m_messinger
Jeslyn Wong: jess.ie.lyn54
simran misra: _simranmisra
Noa Buaron :): noa_buaron
anushka kumar: anu_kiku
Jason Shulman: _jasonshulman
Ankit Devalla: ankit.devalla
Dharin Chandran: dharin19
jeanine: jeaninemelbye
Claire Charton: claire.charton
Guhan Sivakumar: guhan.sivakumar
adil husain: adilhusain05
Marin Rose Shafer: marin_shafer
ava thompson: avathompson26
Vedha Vaddaraju: vedha395_
Vivianne Farlander: viviannefarlander
jackie: jackielasut
ye: ggbhb___hn__m
Uthamk19: uthamk19
Benjamin Waddill: benjamin_waddill
Shivani Srividya: shivanisrividya582_
angie: angieli11
Kate Ward: kate_bward
Kaemon: kaemonshiao
: julianr._.p
Kevin Yu: kevinjqyu
allie!!: allie.kam
Noah Z :): ziggle_wiggle
Julian Coleman: thejuboycoleman
sasha: sasha.palizian
Bhavika Kaparthi: bhavika.kaparthi
Aditya Rai: ar005623
Kenya Ruiz: chiefofthesouth
Rachel Noelani Ball: noelani818
regan thompson: reganthompson12
Rahif Mansoor: rahifmansoor
Payton Pascuzzi: _payton.pascuzzi_
sneha: snehaposani
Isabel: dtx.isabel_
eisha patel: _eisha_patel
maiya patel: _maiyapatel_
Samantha Goodman: samantha_goodman22
Aditi: aditi_t16
Sydney: sydlrussell
jacqui: jacquipalen
Eshal Syed: eshalsyed.16
Allison He: allison_heh
Georgia Doering: georgiadoering
Hasmik Barseghyan: hasmik__b
Emma Ziegelbein: emma_ziegelbein
Ria Mukherji: toaast_ninja
Anurag: anurag.srivatsa
Tianqi: thegreattqz
Sneha: sneha_nadella
tanvi: tanvitalla
Nitisha Manikandesh: nitisha_m13
ananya casavaraju: ananya_c_
alyssa nie: alyssan.ie
Tanvi Kongara: tanvikongara
Caesar: caesar_ibanez
Leah George: _leahgeorge_
Katie: katherine.ashleigh
Hunter Swenson: hunter.m.swenson
Pranav Nathan: pranav.nathan
Julia Duan: juliaduann_
lia: lia_tovar_1
Michael Chyobotov: michael4ngel0
Govardhan Poondi: gpoondi321
Neil Teje: neilteje
Patricio Diaz de Leon Lomeli: patoo.diazzz
gabi mitchell: gabimitchell4
Keerthana Thota: keerthana221
Alex Ni: alex_ni_knee
Lauren Misencik: laurenmisencik
joscie palen: jooscie
pavs:): pavi_upadhya
Courtland Barnett: courtlandb18
Kayley Vu: reneryt6
sofia: sofiaijazi
vibha: vibha_kc
sonali gupta: sonalii.g
Yazzy: yasmin_ariana01
Nirvana M.: nirvana.100
siyah :): siyahg1
Ava Sullivan: _avasullivan
Fan: fanchen2019
Sarah B: sarah_m_boyles
caroline carter: caroline.carter
Aarya: aaryaravi1
Cassie Liu: cassie.liu_
Ashley Yin: ashleyyyinn
: coalslaw_22
: _ramasri_
Brent McClendon: brentmcca
Kester Lee: kester.337
sarena zhang: sarenazhangg
Niko Herrera: herrera_niko03
cat selman: cselman319
lacey: lacey.yoss
Ethan Scribner: ethanscribs
Trisha: trishadodiya
Gina Jeon: ginajeon
Kayla Lewis: kaykaylew
Leah Weisglass: leahweisglass
Shannon Carter: shannon_m_carter
Ali Woods: _aliwoods
Ethan Luo: ethanluo5
Kayla Mugweru: kkmuggz
Nidhi Kallur: nidhikallur
Nathan Henochowicz: nathan.heno
Brianne Tseng: briannetseng
Kyla Schults: kylaschults23
Yael Fine: yaelfiine
ashley li: ashleylli
umangi: umangisingh
Arnab Paul: arnabp_
Kimberly Jenkins DeWeese: kj_deweese
Mustafa: mustafa_jameell
Keaton Purtle: keaton_purtle.23
Sriya Dommaraju: sr.i.ya
Benson Ngai: benson.ngai
L I A N A: lianavuu
kaeli moulinet: kaeli.moulinet
Avi Bagchi: mikshikta
Yashas Varma: yashas_varma
Yasar Ali: yasarali11
megha: megha._bhatia
samuel wang: samuelwaang
Sai Nannapaneni: https__sai
Jackie Beres: jberes10
: stephanie_jung_
evelyn: e18lyn
Ben Lee: ben_leex1
Kartike: kartike_chawla
liliana: liliana_hepburn
Siddarth Kotthur: o.kaysid
Hashim Khan: hashimadilkhan
Julie Yang: leafydash
Lillian Ye: lillianye_
Catherine Dafft Jarrett: catgirlcatcab
Sarah: sarahaguilar18
nitisha ponnappan: nitishaponnappan
Moe Chapman: guacamolly_chapman
Sofia Gilani: lil_puddle_stomper
omer: omertzivon
Steve Dufresne: stevedufresne
Sharanya Vunnava: sharanya.vunnava
Gyaldan David: davidstsui
Anjani Tiwari: anjani_tiwar
Tyler S.: tyman35
Liz: lizhastoomanyhobbies
Alyssa Chan: alyssawchan
emily korenman: emilymkorenman
Connie LaNou: connielanou
: louna_wolff
Charlie Selman: charmondo360
Suzanne: suzanne_fine
Kristy Yosten Theis: kmtheis_13
Kiran Kagal: kirankagal
Michelle Ma: michellema._
Emily Dufresne: emilyydufresne
FRED: fredrick_summers
Kate Waide: kate.waide
Claire Little: claireelittle27
sophia: sophia.floro
Alison Fitzgerald Grzyb: alisonintx
naomi: naomilevine_
: zombimama
nat: nataliegbell
Kendall Kohn: kendall_kohn
Darren: darrensung7
Sam Schuring: samschuring.27
Grant Stapleton: gstaple10
Jordan Hammer: jordan_hammer_
Abby Anderson: abbyraeanderson
maya: maya.fialkov
annie hescock: maryannhescock
Arthur Wilkinson: arthur.w02
Ellie Rauschmayer: ellie_rausc
Sophie: sophietheis
Averie: averiemintzz
Michael Baldwin: michaelbaldwin_32
mahak <3: mahakk.rawal
carly johnson: carly_johnson_
summer shannon: summershannon_
Paul Cox: paul_cox04
Sophie Morrow: sophie2morrow
michelle: michelleabraham10
Aribela Chavez: msbela101
Plano West Publications: pwshpublications
Parker Baze: parkerbaze24
grant: grantbarta
Lacey Braschler: laceybraschler
liv !!!: oliviaadeyy
stephanie: stephanie.gk1
Kennedy: kennedy._.victoria
Elyse Greenberg Yoss: elyseyoss
Zaria: zari.b_
olivia larson: oliviaalarsonn
Jon Stephens: jrstephens12
kaiya: kaiyaaadams
Heather Breen: lsgdr_symphony
Kirsten Colvert: kcolvert
Godwin Duan: godwinduan
Patrick Grimes: pgtrombone
Sebbutthole: sebbabsy
Debbie Reyes: dlreyes4
Vishnuu Gopi: vishnuu_gopi
Mitchell Thorsell: thorsellmitchell
Sarah Besikof: sbesikof
Sylvia Dryer: sylviadryer
Plano West Wolf Den PTSA: planowestptsa
: i5hmaa
James Smith: the.smithest.james
Urvi Roy: _urvi_roy_
pedro: http_pedro19
Saniya: saniyahmd17
: ishaan16__
Nandana Rathod: nandanarathod_
Plano Richardson Alum Panhell: plano_rich_tx_alum_panhell
Saurabh Kumar Singh: sa_urabh1916
Plano West STUCO: pwshstuco
: alishaneeeww
Brent Everson: eversonbrent
: gis_pwest
: akiwurldspam
Jodi Leonard: jodileonard
: marveloushield
Jamal Jonga: jamjonga
Ayra Ausaf: ayra000
Plano West Senior Assassin: pwestseniorassassin21
: murdockmacdonald2825
Entertain Your Brain: _entertainyourbrain_
v: vanessaramxs
B: bella_anzovino
